id,event_id,issue,date,pdf,html
1201000e,1995-INC-11,1,1995-02-06,http://www.iisd.ca/download/pdf/enb1201e.pdf,http://www.iisd.ca/vol12/1201000e.html
1202000e,1995-INC-11,2,1995-02-07,http://www.iisd.ca/download/pdf/enb1202e.pdf,http://www.iisd.ca/vol12/1202000e.html
1203000e,1995-INC-11,3,1995-02-08,http://www.iisd.ca/download/pdf/enb1203e.pdf,http://www.iisd.ca/vol12/1203000e.html
1204000e,1995-INC-11,4,1995-02-09,http://www.iisd.ca/download/pdf/enb1204e.pdf,http://www.iisd.ca/vol12/1204000e.html
1205000e,1995-INC-11,5,1995-02-10,http://www.iisd.ca/download/pdf/enb1205e.pdf,http://www.iisd.ca/vol12/1205000e.html
1206000e,1995-INC-11,6,1995-02-13,http://www.iisd.ca/download/pdf/enb1206e.pdf,http://www.iisd.ca/vol12/1206000e.html
1207000e,1995-INC-11,7,1995-02-14,http://www.iisd.ca/download/pdf/enb1207e.pdf,http://www.iisd.ca/vol12/1207000e.html
1208000e,1995-INC-11,8,1995-02-15,http://www.iisd.ca/download/pdf/enb1208e.pdf,http://www.iisd.ca/vol12/1208000e.html
1209000e,1995-INC-11,9,1995-02-16,http://www.iisd.ca/download/pdf/enb1209e.pdf,http://www.iisd.ca/vol12/1209000e.html
1210000e,1995-INC-11,10,1995-02-17,http://www.iisd.ca/download/pdf/enb1210e.pdf,http://www.iisd.ca/vol12/1210000e.html
1211000e,1995-INC-11,11,1995-02-17,http://www.iisd.ca/download/pdf/enb1211e.pdf,http://www.iisd.ca/vol12/1211000e.html
1212000e,1995-COP-1,12,1995-03-28,http://www.iisd.ca/download/pdf/enb1212e.pdf,http://www.iisd.ca/vol12/1212000e.html
1213000e,1995-COP-1,13,1995-03-29,http://www.iisd.ca/download/pdf/enb1213e.pdf,http://www.iisd.ca/vol12/1213000e.html
1214000e,1995-COP-1,14,1995-03-30,http://www.iisd.ca/download/pdf/enb1214e.pdf,http://www.iisd.ca/vol12/1214000e.html
1215000e,1995-COP-1,15,1995-03-31,http://www.iisd.ca/download/pdf/enb1215e.pdf,http://www.iisd.ca/vol12/1215000e.html
1216000e,1995-COP-1,16,1995-04-03,http://www.iisd.ca/download/pdf/enb1216e.pdf,http://www.iisd.ca/vol12/1216000e.html
1217000e,1995-COP-1,17,1995-04-04,http://www.iisd.ca/download/pdf/enb1217e.pdf,http://www.iisd.ca/vol12/1217000e.html
1218000e,1995-COP-1,18,1995-04-05,http://www.iisd.ca/download/pdf/enb1218e.pdf,http://www.iisd.ca/vol12/1218000e.html
1219000e,1995-COP-1,19,1995-04-06,http://www.iisd.ca/download/pdf/enb1219e.pdf,http://www.iisd.ca/vol12/1219000e.html
1220000e,1995-COP-1,20,1995-04-07,http://www.iisd.ca/download/pdf/enb1220e.pdf,http://www.iisd.ca/vol12/1220000e.html
1221000e,1995-COP-1,21,1995-04-07,http://www.iisd.ca/download/pdf/enb1221e.pdf,http://www.iisd.ca/vol12/1221000e.html
1222000e,1995-AGBM-1,22,1995-08-25,http://www.iisd.ca/download/pdf/enb1222e.pdf,http://www.iisd.ca/vol12/1222000e.html
1223000e,1995-SB-1,23,1995-09-01,http://www.iisd.ca/download/pdf/enb1223e.pdf,http://www.iisd.ca/vol12/1223000e.html
1224000e,1995-AGBM-2,24,1995-11-03,http://www.iisd.ca/download/pdf/enb1224e.pdf,http://www.iisd.ca/vol12/1224000e.html
1225000e,1995-FCCC-1995,25,1995-12,http://www.iisd.ca/download/pdf/enb1225e.pdf,http://www.iisd.ca/vol12/1225000e.html
1226000e,1996-SB-3,26,1996-03-04,http://www.iisd.ca/download/pdf/enb1226e.pdf,http://www.iisd.ca/vol12/1226000e.html
1227000e,1996-AGBM-3,27,1996-03-08,http://www.iisd.ca/download/pdf/enb1227e.pdf,http://www.iisd.ca/vol12/1227000e.html
1228000e,1996-COP-2,28,1996-07-08,http://www.iisd.ca/download/pdf/enb1228e.pdf,http://www.iisd.ca/vol12/1228000e.html
1229000e,1996-COP-2,29,1996-07-09,http://www.iisd.ca/download/pdf/enb1229e.pdf,http://www.iisd.ca/vol12/1229000e.html
1230000e,1996-COP-2,30,1996-07-10,http://www.iisd.ca/download/pdf/enb1230e.pdf,http://www.iisd.ca/vol12/1230000e.html
1231000e,1996-COP-2,31,1996-07-11,http://www.iisd.ca/download/pdf/enb1231e.pdf,http://www.iisd.ca/vol12/1231000e.html
1232000e,1996-COP-2,32,1996-07-12,http://www.iisd.ca/download/pdf/enb1232e.pdf,http://www.iisd.ca/vol12/1232000e.html
1233000e,1996-COP-2,33,1996-07-15,http://www.iisd.ca/enb/vol12/,http://www.iisd.ca/vol12/1233000e.html
1234000e,1996-COP-2,34,1996-07-16,http://www.iisd.ca/download/pdf/enb1234e.pdf,http://www.iisd.ca/vol12/1234000e.html
1235000e,1996-COP-2,35,1996-07-17,http://www.iisd.ca/download/pdf/enb1235e.pdf,http://www.iisd.ca/vol12/1235000e.html
1236000e,1996-COP-2,36,1996-07-18,http://www.iisd.ca/download/pdf/enb1236e.pdf,http://www.iisd.ca/vol12/1236000e.html
1237000e,1996-COP-2,37,1996-07-19,http://www.iisd.ca/download/pdf/enb1237e.pdf,http://www.iisd.ca/vol12/1237000e.html
1238000e,1996-COP-2,38,1996-07-19,http://www.iisd.ca/download/pdf/enb1238e.pdf,http://www.iisd.ca/vol12/1238000e.html
1239000e,1996-SB-4-AGBM-5-AG13-3,39,1996-12-18,http://www.iisd.ca/download/pdf/enb1239e.pdf,http://www.iisd.ca/vol12/1239000e.html
1240000e,1997-SB-5-AG13-4,40,1997-02-28,http://www.iisd.ca/download/pdf/enb1240e.pdf,http://www.iisd.ca/vol12/1240000e.html
1241000e,1997-AGBM-6,41,1997-03-04,http://www.iisd.ca/download/pdf/enb1241e.pdf,http://www.iisd.ca/vol12/1241000e.html
1242000e,1997-AGBM-6,42,1997-03-05,http://www.iisd.ca/download/pdf/enb1242e.pdf,http://www.iisd.ca/vol12/1242000e.html
1243000e,1997-AGBM-6,43,1997-03-06,http://www.iisd.ca/download/pdf/enb1243e.pdf,http://www.iisd.ca/vol12/1243000e.html
1244000e,1997-AGBM-6,44,1997-03-07,http://www.iisd.ca/download/pdf/enb1244e.pdf,http://www.iisd.ca/vol12/1244000e.html
1245000e,1997-AGBM-6,45,1997-03-07,http://www.iisd.ca/download/pdf/enb1245e.pdf,http://www.iisd.ca/vol12/1245000e.html
enb1246e,1997-SB-6-AG13-5,46,1997-07-28,http://www.iisd.ca/download/pdf/enb1246e.pdf,http://www.iisd.ca/vol12/enb1246e.html
enb1247e,1997-SB-6-AG13-5,47,1997-07-29,http://www.iisd.ca/download/pdf/enb1247e.pdf,http://www.iisd.ca/vol12/enb1247e.html
enb1248e,1997-SB-6-AG13-5,48,1997-07-30,http://www.iisd.ca/download/pdf/enb1248e.pdf,http://www.iisd.ca/vol12/enb1248e.html
enb1249e,1997-SB-6-AG13-5,49,1997-07-31,http://www.iisd.ca/download/pdf/enb1249e.pdf,http://www.iisd.ca/vol12/enb1249e.html
enb1250e,1997-AGBM-7,50,1997-08-01,http://www.iisd.ca/download/pdf/enb1250e.pdf,http://www.iisd.ca/vol12/enb1250e.html
enb1251e,1997-AGBM-7,51,1997-08-04,http://www.iisd.ca/download/pdf/enb1251e.pdf,http://www.iisd.ca/vol12/enb1251e.html
enb1252e,1997-AGBM-7,52,1997-08-05,http://www.iisd.ca/download/pdf/enb1252e.pdf,http://www.iisd.ca/vol12/enb1252e.html
enb1253e,1997-AGBM-7,53,1997-08-06,http://www.iisd.ca/download/pdf/enb1253e.pdf,http://www.iisd.ca/vol12/enb1253e.html
enb1254e,1997-AGBM-7,54,1997-08-07,http://www.iisd.ca/download/pdf/enb1254e.pdf,http://www.iisd.ca/vol12/enb1254e.html
enb1255e,1997-AGBM-7,55,1997-08-07,http://www.iisd.ca/download/pdf/enb1255e.pdf,http://www.iisd.ca/vol12/enb1255e.html
enb1256e,1997-SB-7,56,1997-10-20,http://www.iisd.ca/download/pdf/enb1256e.pdf,http://www.iisd.ca/vol12/enb1256e.html
enb1257e,1997-SB-7,57,1997-10-21,http://www.iisd.ca/download/pdf/enb1257e.pdf,http://www.iisd.ca/vol12/enb1257e.html
enb1258e,1997-SB-7,58,1997-10-22,http://www.iisd.ca/download/pdf/enb1258e.pdf,http://www.iisd.ca/vol12/enb1258e.html
enb1259e,1997-SB-7,59,1997-10-23,http://www.iisd.ca/download/pdf/enb1259e.pdf,http://www.iisd.ca/vol12/enb1259e.html
enb1260e,1997-SB-7,60,1997-10-23,http://www.iisd.ca/download/pdf/enb1260e.pdf,http://www.iisd.ca/vol12/enb1260e.html
enb1261e,1997-SB-7,61,1997-10-27,http://www.iisd.ca/download/pdf/enb1261e.pdf,http://www.iisd.ca/vol12/enb1261e.html
enb1262e,1997-SB-7,62,1997-10-28,http://www.iisd.ca/download/pdf/enb1262e.pdf,http://www.iisd.ca/vol12/enb1262e.html
enb1263e,1997-SB-7,63,1997-10-29,http://www.iisd.ca/download/pdf/enb1263e.pdf,http://www.iisd.ca/vol12/enb1263e.html
enb1264e,1997-SB-7,64,1997-10-30,http://www.iisd.ca/download/pdf/enb1264e.pdf,http://www.iisd.ca/vol12/enb1264e.html
enb1265e,1997-SB-7,65,1997-10-31,http://www.iisd.ca/download/pdf/enb1265e.pdf,http://www.iisd.ca/vol12/enb1265e.html
enb1266e,1997-SB-7,66,1997-10-31,http://www.iisd.ca/download/pdf/enb1266e.pdf,http://www.iisd.ca/vol12/enb1266e.html
enb1267e,1997-COP-3,67,1997-12-01,http://www.iisd.ca/download/pdf/enb1267e.pdf,http://www.iisd.ca/vol12/enb1267e.html
enb1268e,1997-COP-3,68,1997-12-02,http://www.iisd.ca/download/pdf/enb1268e.pdf,http://www.iisd.ca/vol12/enb1268e.html
enb1269e,1997-COP-3,69,1997-12-03,http://www.iisd.ca/download/pdf/enb1269e.pdf,http://www.iisd.ca/vol12/enb1269e.html
enb1270e,1997-COP-3,70,1997-12-04,http://www.iisd.ca/download/pdf/enb1270e.pdf,http://www.iisd.ca/vol12/enb1270e.html
enb1271e,1997-COP-3,71,1997-12-05,http://www.iisd.ca/download/pdf/enb1271e.pdf,http://www.iisd.ca/vol12/enb1271e.html
enb1272e,1997-COP-3,72,1997-12-06,http://www.iisd.ca/download/pdf/enb1272e.pdf,http://www.iisd.ca/vol12/enb1272e.html
enb1273e,1997-COP-3,73,1997-12-08,http://www.iisd.ca/download/pdf/enb1273e.pdf,http://www.iisd.ca/vol12/enb1273e.html
enb1274e,1997-COP-3,74,1997-12-09,http://www.iisd.ca/download/pdf/enb1274e.pdf,http://www.iisd.ca/vol12/enb1274e.html
enb1275e,1997-COP-3,75,1997-12-10,http://www.iisd.ca/download/pdf/enb1275e.pdf,http://www.iisd.ca/vol12/enb1275e.html
enb1276e,1997-COP-3,76,1997-12-11,http://www.iisd.ca/download/pdf/enb1276e.pdf,http://www.iisd.ca/vol12/enb1276e.html
enb1277e,1998-SB-8,77,1998-06-02,http://www.iisd.ca/download/pdf/enb1277e.pdf,http://www.iisd.ca/vol12/enb1277e.html
enb1278e,1998-SB-8,78,1998-06-03,http://www.iisd.ca/download/pdf/enb1278e.pdf,http://www.iisd.ca/vol12/enb1278e.html
enb1279e,1998-SB-8,79,1998-06-04,http://www.iisd.ca/download/pdf/enb1279e.pdf,http://www.iisd.ca/vol12/enb1279e.html
enb1280e,1998-SB-8,80,1998-06-05,http://www.iisd.ca/download/pdf/enb1280e.pdf,http://www.iisd.ca/vol12/enb1280e.html
enb1281e,1998-SB-8,81,1998-06-08,http://www.iisd.ca/download/pdf/enb1281e.pdf,http://www.iisd.ca/vol12/enb1281e.html
enb1282e,1998-SB-8,82,1998-06-09,http://www.iisd.ca/download/pdf/enb1282e.pdf,http://www.iisd.ca/vol12/enb1282e.html
enb1283e,1998-SB-8,83,1998-06-10,http://www.iisd.ca/download/pdf/enb1283e.pdf,http://www.iisd.ca/vol12/enb1283e.html
enb1284e,1998-SB-8,84,1998-06-11,http://www.iisd.ca/download/pdf/enb1284e.pdf,http://www.iisd.ca/vol12/enb1284e.html
enb1285e,1998-SB-8,85,1998-06-12,http://www.iisd.ca/download/pdf/enb1285e.pdf,http://www.iisd.ca/vol12/enb1285e.html
enb1286e,1998-SB-8,86,1998-06-12,http://www.iisd.ca/download/pdf/enb1286e.pdf,http://www.iisd.ca/vol12/enb1286e.html
enb1287e,1998-COP-4,87,1998-11-02,http://www.iisd.ca/download/pdf/enb1287e.pdf,http://www.iisd.ca/vol12/enb1287e.html
enb1288e,1998-COP-4,88,1998-11-03,http://www.iisd.ca/download/pdf/enb1288e.pdf,http://www.iisd.ca/vol12/enb1288e.html
enb1289e,1998-COP-4,89,1998-11-04,http://www.iisd.ca/download/pdf/enb1289e.pdf,http://www.iisd.ca/vol12/enb1289e.html
enb1290e,1998-COP-4,90,1998-11-05,http://www.iisd.ca/download/pdf/enb1290e.pdf,http://www.iisd.ca/vol12/enb1290e.html
enb1291e,1998-COP-4,91,1998-11-06,http://www.iisd.ca/download/pdf/enb1291e.pdf,http://www.iisd.ca/vol12/enb1291e.html
enb1292e,1998-COP-4,92,1998-11-09,http://www.iisd.ca/download/pdf/enb1292e.pdf,http://www.iisd.ca/vol12/enb1292e.html
enb1293e,1998-COP-4,93,1998-11-10,http://www.iisd.ca/download/pdf/enb1293e.pdf,http://www.iisd.ca/vol12/enb1293e.html
enb1294e,1998-COP-4,94,1998-11-11,http://www.iisd.ca/download/pdf/enb1294e.pdf,http://www.iisd.ca/vol12/enb1294e.html
enb1295e,1998-COP-4,95,1998-11-12,http://www.iisd.ca/download/pdf/enb1295e.pdf,http://www.iisd.ca/vol12/enb1295e.html
enb1296e,1998-COP-4,96,1998-11-13,http://www.iisd.ca/download/pdf/enb1296e.pdf,http://www.iisd.ca/vol12/enb1296e.html
enb1297e,1998-COP-4,97,1998-11-13,http://www.iisd.ca/download/pdf/enb1297e.pdf,http://www.iisd.ca/vol12/enb1297e.html
enb1298e,1999-Tech-Work,98,1999-04-15,http://www.iisd.ca/download/pdf/enb1298e.pdf,http://www.iisd.ca/vol12/enb1298e.html
enb1299e,1999-SB-10,99,1999-05-31,http://www.iisd.ca/download/pdf/enb1299e.pdf,http://www.iisd.ca/vol12/enb1299e.html
enb12100e,1999-SB-10,100,1999-06-01,http://www.iisd.ca/download/pdf/enb12100e.pdf,http://www.iisd.ca/vol12/enb12100e.html
enb12101e,1999-SB-10,101,1999-06-02,http://www.iisd.ca/download/pdf/enb12101e.pdf,http://www.iisd.ca/vol12/enb12101e.html
enb12102e,1999-SB-10,102,1999-06-03,http://www.iisd.ca/download/pdf/enb12102e.pdf,http://www.iisd.ca/vol12/enb12102e.html
enb12103e,1999-SB-10,103,1999-06-04,http://www.iisd.ca/download/pdf/enb12103e.pdf,http://www.iisd.ca/vol12/enb12103e.html
enb12104e,1999-SB-10,104,1999-06-05,http://www.iisd.ca/download/pdf/enb12104e.pdf,http://www.iisd.ca/vol12/enb12104e.html
enb12105e,1999-SB-10,105,1999-06-07,http://www.iisd.ca/download/pdf/enb12105e.pdf,http://www.iisd.ca/vol12/enb12105e.html
enb12106e,1999-SB-10,106,1999-06-08,http://www.iisd.ca/download/pdf/enb12106e.pdf,http://www.iisd.ca/vol12/enb12106e.html
enb12107e,1999-SB-10,107,1999-06-09,http://www.iisd.ca/download/pdf/enb12107e.pdf,http://www.iisd.ca/vol12/enb12107e.html
enb12108e,1999-SB-10,108,1999-06-10,http://www.iisd.ca/download/pdf/enb12108e.pdf,http://www.iisd.ca/vol12/enb12108e.html
enb12109e,1999-SB-10,109,1999-06-11,http://www.iisd.ca/download/pdf/enb12109e.pdf,http://www.iisd.ca/vol12/enb12109e.html
enb12110e,1999-SB-10,110,1999-06-11,http://www.iisd.ca/download/pdf/enb12110e.pdf,http://www.iisd.ca/vol12/enb12110e.html
enb12111e,1999-CCOM1,111,1999-10-09,http://www.iisd.ca/download/pdf/enb12111e.pdf,http://www.iisd.ca/vol12/enb12111e.html
enb12112e,1999-COP-5,112,1999-10-25,http://www.iisd.ca/download/pdf/enb12112e.pdf,http://www.iisd.ca/vol12/enb12112e.html
enb12113e,1999-COP-5,113,1999-10-26,http://www.iisd.ca/download/pdf/enb12113e.pdf,http://www.iisd.ca/vol12/enb12113e.html
enb12114e,1999-COP-5,114,1999-10-27,http://www.iisd.ca/download/pdf/enb12114e.pdf,http://www.iisd.ca/vol12/enb12114e.html
enb12115e,1999-COP-5,115,1999-10-28,http://www.iisd.ca/download/pdf/enb12115e.pdf,http://www.iisd.ca/vol12/enb12115e.html
enb12116e,1999-COP-5,116,1999-10-29,http://www.iisd.ca/download/pdf/enb12116e.pdf,http://www.iisd.ca/vol12/enb12116e.html
enb12117e,1999-COP-5,117,1999-10-30,http://www.iisd.ca/download/pdf/enb12117e.pdf,http://www.iisd.ca/vol12/enb12117e.html
enb12118e,1999-COP-5,118,1999-11-01,http://www.iisd.ca/download/pdf/enb12118e.pdf,http://www.iisd.ca/vol12/enb12118e.html
enb12119e,1999-COP-5,119,1999-11-02,http://www.iisd.ca/download/pdf/enb12119e.pdf,http://www.iisd.ca/vol12/enb12119e.html
enb12120e,1999-COP-5,120,1999-11-03,http://www.iisd.ca/download/pdf/enb12120e.pdf,http://www.iisd.ca/vol12/enb12120e.html
enb12121e,1999-COP-5,121,1999-11-04,http://www.iisd.ca/download/pdf/enb12121e.pdf,http://www.iisd.ca/vol12/enb12121e.html
enb12122e,1999-COP-5,122,1999-11-05,http://www.iisd.ca/download/pdf/enb12122e.pdf,http://www.iisd.ca/vol12/enb12122e.html
enb12123e,1999-COP-5,123,1999-11-08,http://www.iisd.ca/download/pdf/enb12123e.pdf,http://www.iisd.ca/vol12/enb12123e.html
enb12124e,2000-UNFCCC-WS-KP,124,2000-03-06,http://www.iisd.ca/download/pdf/enb12124e.pdf,http://www.iisd.ca/vol12/enb12124e.html
enb12125e,2000-UNFCCC-WS-4.8-4.9,125,2000-03-17,http://www.iisd.ca/download/pdf/enb12125e.pdf,http://www.iisd.ca/vol12/enb12125e.html
enb12126e,2000-UNFCCC-BPPM,126,2000-04-15,http://www.iisd.ca/download/pdf/enb12126e.pdf,http://www.iisd.ca/vol12/enb12126e.html
enb12127e,2000-SB-12,127,2000-06-05,http://www.iisd.ca/download/pdf/enb12127e.pdf,http://www.iisd.ca/vol12/enb12127e.html
enb12128e,2000-SB-12,128,2000-06-06,http://www.iisd.ca/download/pdf/enb12128e.pdf,http://www.iisd.ca/vol12/enb12128e.html
enb12129e,2000-SB-12,129,2000-06-07,http://www.iisd.ca/download/pdf/enb12129e.pdf,http://www.iisd.ca/vol12/enb12129e.html
enb12130e,2000-SB-12,130,2000-06-08,http://www.iisd.ca/download/pdf/enb12130e.pdf,http://www.iisd.ca/vol12/enb12130e.html
enb12131e,2000-SB-12,131,2000-06-09,http://www.iisd.ca/download/pdf/enb12131e.pdf,http://www.iisd.ca/vol12/enb12131e.html
enb12132e,2000-SB-12,132,2000-06-12,http://www.iisd.ca/download/pdf/enb12132e.pdf,http://www.iisd.ca/vol12/enb12132e.html
enb12133e,2000-SB-12,133,2000-06-13,http://www.iisd.ca/download/pdf/enb12133e.pdf,http://www.iisd.ca/vol12/enb12133e.html
enb12134e,2000-SB-12,134,2000-06-14,http://www.iisd.ca/download/pdf/enb12134e.pdf,http://www.iisd.ca/vol12/enb12134e.html
enb12135e,2000-SB-12,135,2000-06-15,http://www.iisd.ca/download/pdf/enb12135e.pdf,http://www.iisd.ca/vol12/enb12135e.html
enb12136e,2000-SB-12,136,2000-06-16,http://www.iisd.ca/download/pdf/enb12136e.pdf,http://www.iisd.ca/vol12/enb12136e.html
enb12137e,2000-SB-12,137,2000-06-19,http://www.iisd.ca/download/pdf/enb12137e.pdf,http://www.iisd.ca/vol12/enb12137e.html
enb12138e,2000-LULUCF,138,2000-07-11,http://www.iisd.ca/download/pdf/enb12138e.pdf,http://www.iisd.ca/vol12/enb12138e.html
enb12139e,2000-LULUCF,139,2000-07-12,http://www.iisd.ca/download/pdf/enb12139e.pdf,http://www.iisd.ca/vol12/enb12139e.html
enb12140e,2000-LULUCF,140,2000-07-13,http://www.iisd.ca/download/pdf/enb12140e.pdf,http://www.iisd.ca/vol12/enb12140e.html
enb12141e,2000-LULUCF,141,2000-07-17,http://www.iisd.ca/download/pdf/enb12141e.pdf,http://www.iisd.ca/vol12/enb12141e.html
enb12142e,2000-SB-13,142,2000-09-05,http://www.iisd.ca/download/pdf/enb12142e.pdf,http://www.iisd.ca/vol12/enb12142e.html
enb12143e,2000-SB-13,143,2000-09-06,http://www.iisd.ca/download/pdf/enb12143e.pdf,http://www.iisd.ca/vol12/enb12143e.html
enb12144e,2000-SB-13,144,2000-09-07,http://www.iisd.ca/download/pdf/enb12144e.pdf,http://www.iisd.ca/vol12/enb12144e.html
enb12145e,2000-SB-13,145,2000-09-08,http://www.iisd.ca/download/pdf/enb12145e.pdf,http://www.iisd.ca/vol12/enb12145e.html
enb12146e,2000-SB-13,146,2000-09-11,http://www.iisd.ca/download/pdf/enb12146e.pdf,http://www.iisd.ca/vol12/enb12146e.html
enb12147e,2000-SB-13,147,2000-09-12,http://www.iisd.ca/download/pdf/enb12147e.pdf,http://www.iisd.ca/vol12/enb12147e.html
enb12148e,2000-SB-13,148,2000-09-13,http://www.iisd.ca/download/pdf/enb12148e.pdf,http://www.iisd.ca/vol12/enb12148e.html
enb12149e,2000-SB-13,149,2000-09-14,http://www.iisd.ca/download/pdf/enb12149e.pdf,http://www.iisd.ca/vol12/enb12149e.html
enb12150e,2000-SB-13,150,2000-09-15,http://www.iisd.ca/download/pdf/enb12150e.pdf,http://www.iisd.ca/vol12/enb12150e.html
enb12151e,2000-SB-13,151,2000-09-18,http://www.iisd.ca/download/pdf/enb12151e.pdf,http://www.iisd.ca/vol12/enb12151e.html
enb12152e,2000-COP-6,152,2000-11-13,http://www.iisd.ca/download/pdf/enb12152e.pdf,http://www.iisd.ca/vol12/enb12152e.html
enb12153e,2000-COP-6,153,2000-11-14,http://www.iisd.ca/download/pdf/enb12153e.pdf,http://www.iisd.ca/vol12/enb12153e.html
enb12154e,2000-COP-6,154,2000-11-15,http://www.iisd.ca/download/pdf/enb12154e.pdf,http://www.iisd.ca/vol12/enb12154e.html
enb12155e,2000-COP-6,155,2000-11-16,http://www.iisd.ca/download/pdf/enb12155e.pdf,http://www.iisd.ca/vol12/enb12155e.html
enb12156e,2000-COP-6,156,2000-11-17,http://www.iisd.ca/download/pdf/enb12156e.pdf,http://www.iisd.ca/vol12/enb12156e.html
enb12157e,2000-COP-6,157,2000-11-18,http://www.iisd.ca/download/pdf/enb12157e.pdf,http://www.iisd.ca/vol12/enb12157e.html
enb12158e,2000-COP-6,158,2000-11-20,http://www.iisd.ca/download/pdf/enb12158e.pdf,http://www.iisd.ca/vol12/enb12158e.html
enb12159e,2000-COP-6,159,2000-11-21,http://www.iisd.ca/download/pdf/enb12159e.pdf,http://www.iisd.ca/vol12/enb12159e.html
enb12160e,2000-COP-6,160,2000-11-22,http://www.iisd.ca/download/pdf/enb12160e.pdf,http://www.iisd.ca/vol12/enb12160e.html
enb12161e,2000-COP-6,161,2000-11-23,http://www.iisd.ca/download/pdf/enb12161e.pdf,http://www.iisd.ca/vol12/enb12161e.html
enb12162e,2000-COP-6,162,2000-11-24,http://www.iisd.ca/download/pdf/enb12162e.pdf,http://www.iisd.ca/vol12/enb12162e.html
enb12163e,2000-COP-6,163,2000-11-27,http://www.iisd.ca/download/pdf/enb12163e.pdf,http://www.iisd.ca/vol12/enb12163e.html
enb12164e,2001-INTER-REGIONAL-WS,164,2001-03-26,http://www.iisd.ca/download/pdf/enb12164e.pdf,http://www.iisd.ca/vol12/enb12164e.html
enb12165e,2001-IPCC-17,165,2001-04-09,http://www.iisd.ca/download/pdf/enb12165e.pdf,http://www.iisd.ca/vol12/enb12165e.html
enb12166e,2001-COP-6-BIS,166,2001-07-16,http://www.iisd.ca/download/pdf/enb12166e.pdf,http://www.iisd.ca/vol12/enb12166e.html
enb12167e,2001-COP-6-BIS,167,2001-07-17,http://www.iisd.ca/download/pdf/enb12167e.pdf,http://www.iisd.ca/vol12/enb12167e.html
enb12168e,2001-COP-6-BIS,168,2001-07-18,http://www.iisd.ca/download/pdf/enb12168e.pdf,http://www.iisd.ca/vol12/enb12168e.html
enb12169e,2001-COP-6-BIS,169,2001-07-19,http://www.iisd.ca/download/pdf/enb12169e.pdf,http://www.iisd.ca/vol12/enb12169e.html
enb12170e,2001-COP-6-BIS,170,2001-07-20,http://www.iisd.ca/download/pdf/enb12170e.pdf,http://www.iisd.ca/vol12/enb12170e.html
enb12171e,2001-COP-6-BIS,171,2001-07-21,http://www.iisd.ca/download/pdf/enb12171e.pdf,http://www.iisd.ca/vol12/enb12171e.html
enb12172e,2001-COP-6-BIS,172,2001-07-24,http://www.iisd.ca/download/pdf/enb12172e.pdf,http://www.iisd.ca/vol12/enb12172e.html
enb12173e,2001-COP-6-BIS,173,2001-07-25,http://www.iisd.ca/download/pdf/enb12173e.pdf,http://www.iisd.ca/vol12/enb12173e.html
enb12174e,2001-COP-6-BIS,174,2001-07-26,http://www.iisd.ca/download/pdf/enb12174e.pdf,http://www.iisd.ca/vol12/enb12174e.html
enb12175e,2001-COP-6-BIS,175,2001-07-27,http://www.iisd.ca/download/pdf/enb12175e.pdf,http://www.iisd.ca/vol12/enb12175e.html
enb12176e,2001-COP-6-BIS,176,2001-07-30,http://www.iisd.ca/download/pdf/enb12176e.pdf,http://www.iisd.ca/vol12/enb12176e.html
enb12177e,2001-IPCC-18,177,2001-10-02,http://www.iisd.ca/download/pdf/enb12177e.pdf,http://www.iisd.ca/vol12/enb12177e.html
enb12178e,2001-COP-7,178,2001-10-29,http://www.iisd.ca/download/pdf/enb12178e.pdf,http://www.iisd.ca/vol12/enb12178e.html
enb12179e,2001-COP-7,179,2001-10-30,http://www.iisd.ca/download/pdf/enb12179e.pdf,http://www.iisd.ca/vol12/enb12179e.html
enb12180e,2001-COP-7,180,2001-10-31,http://www.iisd.ca/download/pdf/enb12180e.pdf,http://www.iisd.ca/vol12/enb12180e.html
enb12181e,2001-COP-7,181,2001-11-01,http://www.iisd.ca/download/pdf/enb12181e.pdf,http://www.iisd.ca/vol12/enb12181e.html
enb12182e,2001-COP-7,182,2001-11-02,http://www.iisd.ca/download/pdf/enb12182e.pdf,http://www.iisd.ca/vol12/enb12182e.html
enb12183e,2001-COP-7,183,2001-11-03,http://www.iisd.ca/download/pdf/enb12183e.pdf,http://www.iisd.ca/vol12/enb12183e.html
enb12184e,2001-COP-7,184,2001-11-05,http://www.iisd.ca/download/pdf/enb12184e.pdf,http://www.iisd.ca/vol12/enb12184e.html
enb12185e,2001-COP-7,185,2001-11-06,http://www.iisd.ca/download/pdf/enb12185e.pdf,http://www.iisd.ca/vol12/enb12185e.html
enb12186e,2001-COP-7,186,2001-11-07,http://www.iisd.ca/download/pdf/enb12186e.pdf,http://www.iisd.ca/vol12/enb12186e.html
enb12187e,2001-COP-7,187,2001-11-08,http://www.iisd.ca/download/pdf/enb12187e.pdf,http://www.iisd.ca/vol12/enb12187e.html
enb12188e,2001-COP-7,188,2001-11-09,http://www.iisd.ca/download/pdf/enb12188e.pdf,http://www.iisd.ca/vol12/enb12188e.html
enb12189e,2001-COP-7,189,2001-11-12,http://www.iisd.ca/download/pdf/enb12189e.pdf,http://www.iisd.ca/vol12/enb12189e.html
enb12190e,2002-CGE-WS,190,2002-04-15,http://www.iisd.ca/download/pdf/enb12190e.pdf,http://www.iisd.ca/vol12/enb12190e.html
enb12191e,2002-TECH-WS,191,2002-04-26,http://www.iisd.ca/download/pdf/enb12191e.pdf,http://www.iisd.ca/vol12/enb12191e.html
enb12192e,2002-SB-16,192,2002-06-05,http://www.iisd.ca/download/pdf/enb12192e.pdf,http://www.iisd.ca/vol12/enb12192e.html
enb12193e,2002-SB-16,193,2002-06-06,http://www.iisd.ca/download/pdf/enb12193e.pdf,http://www.iisd.ca/vol12/enb12193e.html
enb12194e,2002-SB-16,194,2002-06-07,http://www.iisd.ca/download/pdf/enb12194e.pdf,http://www.iisd.ca/vol12/enb12194e.html
enb12195e,2002-SB-16,195,2002-06-10,http://www.iisd.ca/download/pdf/enb12195e.pdf,http://www.iisd.ca/vol12/enb12195e.html
enb12196e,2002-SB-16,196,2002-06-11,http://www.iisd.ca/download/pdf/enb12196e.pdf,http://www.iisd.ca/vol12/enb12196e.html
enb12197e,2002-SB-16,197,2002-06-12,http://www.iisd.ca/download/pdf/enb12197e.pdf,http://www.iisd.ca/vol12/enb12197e.html
enb12198e,2002-SB-16,198,2002-06-13,http://www.iisd.ca/download/pdf/enb12198e.pdf,http://www.iisd.ca/vol12/enb12198e.html
enb12199e,2002-SB-16,199,2002-06-14,http://www.iisd.ca/download/pdf/enb12199e.pdf,http://www.iisd.ca/vol12/enb12199e.html
enb12200e,2002-SB-16,200,2002-06-17,http://www.iisd.ca/download/pdf/enb12200e.pdf,http://www.iisd.ca/vol12/enb12200e.html
enb12201e,2002-COP-8,201,2002-10-23,http://www.iisd.ca/download/pdf/enb12201e.pdf,http://www.iisd.ca/vol12/enb12201e.html
enb12202e,2002-COP-8,202,2002-10-24,http://www.iisd.ca/download/pdf/enb12202e.pdf,http://www.iisd.ca/vol12/enb12202e.html
enb12203e,2002-COP-8,203,2002-10-25,http://www.iisd.ca/download/pdf/enb12203e.pdf,http://www.iisd.ca/vol12/enb12203e.html
enb12204e,2002-COP-8,204,2002-10-26,http://www.iisd.ca/download/pdf/enb12204e.pdf,http://www.iisd.ca/vol12/enb12204e.html
enb12205e,2002-COP-8,205,2002-10-29,http://www.iisd.ca/download/pdf/enb12205e.pdf,http://www.iisd.ca/vol12/enb12205e.html
enb12206e,2002-COP-8,206,2002-10-30,http://www.iisd.ca/download/pdf/enb12206e.pdf,http://www.iisd.ca/vol12/enb12206e.html
enb12207e,2002-COP-8,207,2002-10-31,http://www.iisd.ca/download/pdf/enb12207e.pdf,http://www.iisd.ca/vol12/enb12207e.html
enb12208e,2002-COP-8,208,2002-11-01,http://www.iisd.ca/download/pdf/enb12208e.pdf,http://www.iisd.ca/vol12/enb12208e.html
enb12209e,2002-COP-8,209,2002-11-04,http://www.iisd.ca/download/pdf/enb12209e.pdf,http://www.iisd.ca/vol12/enb12209e.html
enb12210e,2003-UNFCCC-TT-WS,210,2003-04-11,http://www.iisd.ca/download/pdf/enb12210e.pdf,http://www.iisd.ca/vol12/enb12210e.html
enb12211e,2003-SB-18,211,2003-06-04,http://www.iisd.ca/download/pdf/enb12211e.pdf,http://www.iisd.ca/vol12/enb12211e.html
enb12212e,2003-SB-18,212,2003-06-05,http://www.iisd.ca/download/pdf/enb12212e.pdf,http://www.iisd.ca/vol12/enb12212e.html
enb12213e,2003-SB-18,213,2003-06-06,http://www.iisd.ca/download/pdf/enb12213e.pdf,http://www.iisd.ca/vol12/enb12213e.html
enb12214e,2003-SB-18,214,2003-06-07,http://www.iisd.ca/download/pdf/enb12214e.pdf,http://www.iisd.ca/vol12/enb12214e.html
enb12215e,2003-SB-18,215,2003-06-10,http://www.iisd.ca/download/pdf/enb12215e.pdf,http://www.iisd.ca/vol12/enb12215e.html
enb12216e,2003-SB-18,216,2003-06-11,http://www.iisd.ca/download/pdf/enb12216e.pdf,http://www.iisd.ca/vol12/enb12216e.html
enb12217e,2003-SB-18,217,2003-06-12,http://www.iisd.ca/download/pdf/enb12217e.pdf,http://www.iisd.ca/vol12/enb12217e.html
enb12218e,2003-SB-18,218,2003-06-13,http://www.iisd.ca/download/pdf/enb12218e.pdf,http://www.iisd.ca/vol12/enb12218e.html
enb12219e,2003-SB-18,219,2003-06-16,http://www.iisd.ca/download/pdf/enb12219e.pdf,http://www.iisd.ca/vol12/enb12219e.html
enb12220e,2003-UNFCCC-SYN-COOP-WS,220,2003-07-04,http://www.iisd.ca/download/pdf/enb12220e.pdf,http://www.iisd.ca/vol12/enb12220e.html
enb12221e,2003-COP-9,221,2003-12-01,http://www.iisd.ca/download/pdf/enb12221e.pdf,http://www.iisd.ca/vol12/enb12221e.html
enb12222e,2003-COP-9,222,2003-12-02,http://www.iisd.ca/download/pdf/enb12222e.pdf,http://www.iisd.ca/vol12/enb12222e.html
enb12223e,2003-COP-9,223,2003-12-03,http://www.iisd.ca/download/pdf/enb12223e.pdf,http://www.iisd.ca/vol12/enb12223e.html
enb12224e,2003-COP-9,224,2003-12-04,http://www.iisd.ca/download/pdf/enb12224e.pdf,http://www.iisd.ca/vol12/enb12224e.html
enb12225e,2003-COP-9,225,2003-12-05,http://www.iisd.ca/download/pdf/enb12225e.pdf,http://www.iisd.ca/vol12/enb12225e.html
enb12226e,2003-COP-9,226,2003-12-06,http://www.iisd.ca/download/pdf/enb12226e.pdf,http://www.iisd.ca/vol12/enb12226e.html
enb12227e,2003-COP-9,227,2003-12-07,http://www.iisd.ca/download/pdf/enb12227e.pdf,http://www.iisd.ca/vol12/enb12227e.html
enb12228e,2003-COP-9,228,2003-12-10,http://www.iisd.ca/download/pdf/enb12228e.pdf,http://www.iisd.ca/vol12/enb12228e.html
enb12229e,2003-COP-9,229,2003-12-11,http://www.iisd.ca/download/pdf/enb12229e.pdf,http://www.iisd.ca/vol12/enb12229e.html
enb12230e,2003-COP-9,230,2003-12-12,http://www.iisd.ca/download/pdf/enb12230e.pdf,http://www.iisd.ca/vol12/enb12230e.html
enb12231e,2003-COP-9,231,2003-12-15,http://www.iisd.ca/download/pdf/enb12231e.pdf,http://www.iisd.ca/vol12/enb12231e.html
enb12232e,2004-UNFCCC-WS-PC,232,2004-05-03,http://www.iisd.ca/download/pdf/enb12232e.pdf,http://www.iisd.ca/vol12/enb12232e.html
enb12233e,2004-SB-20,233,2004-06-16,http://www.iisd.ca/download/pdf/enb12233e.pdf,http://www.iisd.ca/vol12/enb12233e.html
enb12234e,2004-SB-20,234,2004-06-17,http://www.iisd.ca/download/pdf/enb12234e.pdf,http://www.iisd.ca/vol12/enb12234e.html
enb12235e,2004-SB-20,235,2004-06-18,http://www.iisd.ca/download/pdf/enb12235e.pdf,http://www.iisd.ca/vol12/enb12235e.html
enb12236e,2004-SB-20,236,2004-06-19,http://www.iisd.ca/download/pdf/enb12236e.pdf,http://www.iisd.ca/vol12/enb12236e.html
enb12237e,2004-SB-20,237,2004-06-21,http://www.iisd.ca/download/pdf/enb12237e.pdf,http://www.iisd.ca/vol12/enb12237e.html
enb12238e,2004-SB-20,238,2004-06-22,http://www.iisd.ca/download/pdf/enb12238e.pdf,http://www.iisd.ca/vol12/enb12238e.html
enb12239e,2004-SB-20,239,2004-06-23,http://www.iisd.ca/download/pdf/enb12239e.pdf,http://www.iisd.ca/vol12/enb12239e.html
enb12240e,2004-SB-20,240,2004-06-24,http://www.iisd.ca/download/pdf/enb12240e.pdf,http://www.iisd.ca/vol12/enb12240e.html
enb12241e,2004-SB-20,241,2004-06-25,http://www.iisd.ca/download/pdf/enb12241e.pdf,http://www.iisd.ca/vol12/enb12241e.html
enb12242e,2004-SB-20,242,2004-06-28,http://www.iisd.ca/download/pdf/enb12242e.pdf,http://www.iisd.ca/vol12/enb12242e.html
enb12243e,2004-UNFCCC-WS-EP,243,2004-09-10,http://www.iisd.ca/download/pdf/enb12243e.pdf,http://www.iisd.ca/vol12/enb12243e.html
enb12244e,2004-UNFCCC-WS-FIN-TT,244,2004-09-29,http://www.iisd.ca/download/pdf/enb12244e.pdf,http://www.iisd.ca/vol12/enb12244e.html
enb12245e,2004-IPCC-22,245,2004-11-11,http://www.iisd.ca/download/pdf/enb12245e.pdf,http://www.iisd.ca/vol12/enb12245e.html
enb12246e,2004-IPCC-22,246,2004-11-11,http://www.iisd.ca/download/pdf/enb12246e.pdf,http://www.iisd.ca/vol12/enb12246e.html
enb12247e,2004-IPCC-22,247,2004-11-11,http://www.iisd.ca/download/pdf/enb12247e.pdf,http://www.iisd.ca/vol12/enb12247e.html
enb12248e,2004-IPCC-22,248,2004-11-11,http://www.iisd.ca/download/pdf/enb12248e.pdf,http://www.iisd.ca/vol12/enb12248e.html
enb12249e,2004-COP-10,249,2004-12-06,http://www.iisd.ca/download/pdf/enb12249e.pdf,http://www.iisd.ca/vol12/enb12249e.html
enb12250e,2004-COP-10,250,2004-12-07,http://www.iisd.ca/download/pdf/enb12250e.pdf,http://www.iisd.ca/vol12/enb12250e.html
enb12251e,2004-COP-10,251,2004-12-08,http://www.iisd.ca/download/pdf/enb12251e.pdf,http://www.iisd.ca/vol12/enb12251e.html
enb12252e,2004-COP-10,252,2004-12-09,http://www.iisd.ca/download/pdf/enb12252e.pdf,http://www.iisd.ca/vol12/enb12252e.html
enb12253e,2004-COP-10,253,2004-12-10,http://www.iisd.ca/download/pdf/enb12253e.pdf,http://www.iisd.ca/vol12/enb12253e.html
enb12254e,2004-COP-10,254,2004-12-11,http://www.iisd.ca/download/pdf/enb12254e.pdf,http://www.iisd.ca/vol12/enb12254e.html
enb12255e,2004-COP-10,255,2004-12-13,http://www.iisd.ca/download/pdf/enb12255e.pdf,http://www.iisd.ca/vol12/enb12255e.html
enb12256e,2004-COP-10,256,2004-12-14,http://www.iisd.ca/download/pdf/enb12256e.pdf,http://www.iisd.ca/vol12/enb12256e.html
enb12257e,2004-COP-10,257,2004-12-15,http://www.iisd.ca/download/pdf/enb12257e.pdf,http://www.iisd.ca/vol12/enb12257e.html
enb12258e,2004-COP-10,258,2004-12-16,http://www.iisd.ca/download/pdf/enb12258e.pdf,http://www.iisd.ca/vol12/enb12258e.html
enb12259e,2004-COP-10,259,2004-12-17,http://www.iisd.ca/download/pdf/enb12259e.pdf,http://www.iisd.ca/vol12/enb12259e.html
enb12260e,2004-COP-10,260,2004-12-18,http://www.iisd.ca/download/pdf/enb12260e.pdf,http://www.iisd.ca/vol12/enb12260e.html
enb12261e,2005-SOGE,261,2005-05-19,http://www.iisd.ca/download/pdf/enb12261e.pdf,http://www.iisd.ca/vol12/enb12261e.html
enb12262e,2005-SB-22,262,2005-05-19,http://www.iisd.ca/download/pdf/enb12262e.pdf,http://www.iisd.ca/vol12/enb12262e.html
enb12263e,2005-SB-22,263,2005-05-20,http://www.iisd.ca/download/pdf/enb12263e.pdf,http://www.iisd.ca/vol12/enb12263e.html
enb12264e,2005-SB-22,264,2005-05-21,http://www.iisd.ca/download/pdf/enb12264e.pdf,http://www.iisd.ca/vol12/enb12264e.html
enb12265e,2005-SB-22,265,2005-05-23,http://www.iisd.ca/download/pdf/enb12265e.pdf,http://www.iisd.ca/vol12/enb12265e.html
enb12266e,2005-SB-22,266,2005-05-24,http://www.iisd.ca/download/pdf/enb12266e.pdf,http://www.iisd.ca/vol12/enb12266e.html
enb12267e,2005-SB-22,267,2005-05-25,http://www.iisd.ca/download/pdf/enb12267e.pdf,http://www.iisd.ca/vol12/enb12267e.html
enb12268e,2005-SB-22,268,2005-05-26,http://www.iisd.ca/download/pdf/enb12268e.pdf,http://www.iisd.ca/vol12/enb12268e.html
enb12269e,2005-SB-22,269,2005-05-27,http://www.iisd.ca/download/pdf/enb12269e.pdf,http://www.iisd.ca/vol12/enb12269e.html
enb12270e,2005-SB-22,270,2005-05-30,http://www.iisd.ca/download/pdf/enb12270e.pdf,http://www.iisd.ca/vol12/enb12270e.html
enb12271e,2005-UNFCCC-WS-CCTOB,271,2005-06-16,http://www.iisd.ca/download/pdf/enb12271e.pdf,http://www.iisd.ca/vol12/enb12271e.html
enb12272e,2005-IPCC-24,272,2005-09-22,http://www.iisd.ca/download/pdf/enb12272e.pdf,http://www.iisd.ca/vol12/enb12272e.html
enb12273e,2005-IPCC-24,273,2005-09-23,http://www.iisd.ca/download/pdf/enb12273e.pdf,http://www.iisd.ca/vol12/enb12273e.html
enb12274e,2005-IPCC-24,274,2005-09-24,http://www.iisd.ca/download/pdf/enb12274e.pdf,http://www.iisd.ca/vol12/enb12274e.html
enb12275e,2005-IPCC-24,275,2005-09-26,http://www.iisd.ca/download/pdf/enb12275e.pdf,http://www.iisd.ca/vol12/enb12275e.html
enb12276e,2005-IPCC-24,276,2005-09-27,http://www.iisd.ca/download/pdf/enb12276e.pdf,http://www.iisd.ca/vol12/enb12276e.html
enb12277e,2005-IPCC-24,277,2005-09-28,http://www.iisd.ca/download/pdf/enb12277e.pdf,http://www.iisd.ca/vol12/enb12277e.html
enb12278e,2005-IPCC-24,278,2005-09-28,http://www.iisd.ca/download/pdf/enb12278e.pdf,http://www.iisd.ca/vol12/enb12278e.html
enb12279e,2005-UNFCCC-WS-V&ampA,279,2005-10-19,http://www.iisd.ca/download/pdf/enb12279e.pdf,http://www.iisd.ca/vol12/enb12279e.html
enb12280e,2005-COP-11-CMP-1,280,2005-11-28,http://www.iisd.ca/download/pdf/enb12280e.pdf,http://www.iisd.ca/vol12/enb12280e.html
enb12281e,2005-COP-11-CMP-1,281,2005-11-29,http://www.iisd.ca/download/pdf/enb12281e.pdf,http://www.iisd.ca/vol12/enb12281e.html
enb12282e,2005-COP-11-CMP-1,282,2005-11-30,http://www.iisd.ca/download/pdf/enb12282e.pdf,http://www.iisd.ca/vol12/enb12282e.html
enb12283e,2005-COP-11-CMP-1,283,2005-12-01,http://www.iisd.ca/download/pdf/enb12283e.pdf,http://www.iisd.ca/vol12/enb12283e.html
enb12284e,2005-COP-11-CMP-1,284,2005-12-02,http://www.iisd.ca/download/pdf/enb12284e.pdf,http://www.iisd.ca/vol12/enb12284e.html
enb12285e,2005-COP-11-CMP-1,285,2005-12-03,http://www.iisd.ca/download/pdf/enb12285e.pdf,http://www.iisd.ca/vol12/enb12285e.html
enb12286e,2005-COP-11-CMP-1,286,2005-12-05,http://www.iisd.ca/download/pdf/enb12286e.pdf,http://www.iisd.ca/vol12/enb12286e.html
enb12287e,2005-COP-11-CMP-1,287,2005-12-06,http://www.iisd.ca/download/pdf/enb12287e.pdf,http://www.iisd.ca/vol12/enb12287e.html
enb12288e,2005-COP-11-CMP-1,288,2005-12-07,http://www.iisd.ca/download/pdf/enb12288e.pdf,http://www.iisd.ca/vol12/enb12288e.html
enb12289e,2005-COP-11-CMP-1,289,2005-12-08,http://www.iisd.ca/download/pdf/enb12289e.pdf,http://www.iisd.ca/vol12/enb12289e.html
enb12290e,2005-COP-11-CMP-1,290,2005-12-09,http://www.iisd.ca/download/pdf/enb12290e.pdf,http://www.iisd.ca/vol12/enb12290e.html
enb12291e,2005-COP-11-CMP-1,291,2005-12-09,http://www.iisd.ca/download/pdf/enb12291e.pdf,http://www.iisd.ca/vol12/enb12291e.html
enb12292e,2006-IPCC-25,292,2006-04-26,http://www.iisd.ca/download/pdf/enb12292e.pdf,http://www.iisd.ca/vol12/enb12292e.html
enb12293e,2006-IPCC-25,293,2006-04-27,http://www.iisd.ca/download/pdf/enb12293e.pdf,http://www.iisd.ca/vol12/enb12293e.html
enb12294e,2006-IPCC-25,294,2006-04-28,http://www.iisd.ca/download/pdf/enb12294e.pdf,http://www.iisd.ca/vol12/enb12294e.html
enb12295e,2006-IPCC-25,295,2006-04-28,http://www.iisd.ca/download/pdf/enb12295e.pdf,http://www.iisd.ca/vol12/enb12295e.html
enb12296e,2006-SB-24,296,2006-05-15,http://www.iisd.ca/download/pdf/enb12296e.pdf,http://www.iisd.ca/vol12/enb12296e.html
enb12297e,2006-SB-24,297,2006-05-17,http://www.iisd.ca/download/pdf/enb12297e.pdf,http://www.iisd.ca/vol12/enb12297e.html
enb12298e,2006-SB-24,298,2006-05-18,http://www.iisd.ca/download/pdf/enb12298e.pdf,http://www.iisd.ca/vol12/enb12298e.html
enb12299e,2006-SB-24,299,2006-05-19,http://www.iisd.ca/download/pdf/enb12299e.pdf,http://www.iisd.ca/vol12/enb12299e.html
enb12300,2006-SB-24,300,2006-05-20,http://www.iisd.ca/download/pdf/enb12300e.pdf,http://www.iisd.ca/vol12/enb12300.html
enb12301e,2006-SB-24,301,2006-05-22,http://www.iisd.ca/download/pdf/enb12301e.pdf,http://www.iisd.ca/vol12/enb12301e.html
enb12302e,2006-SB-24,302,2006-05-23,http://www.iisd.ca/download/pdf/enb12302e.pdf,http://www.iisd.ca/vol12/enb12302e.html
enb12303e,2006-SB-24,303,2006-05-24,http://www.iisd.ca/download/pdf/enb12303e.pdf,http://www.iisd.ca/vol12/enb12303e.html
enb12304e,2006-SB-24,304,2006-05-25,http://www.iisd.ca/download/pdf/enb12304e.pdf,http://www.iisd.ca/vol12/enb12304e.html
enb12305e,2006-SB-24,305,2006-05-26,http://www.iisd.ca/download/pdf/enb12305e.pdf,http://www.iisd.ca/vol12/enb12305e.html
enb12306e,2006-SB-24,306,2006-05-26,http://www.iisd.ca/download/pdf/enb12306e.pdf,http://www.iisd.ca/vol12/enb12306e.html
enb12307e,2006-COP-12-CMP-2,307,2006-11-06,http://www.iisd.ca/download/pdf/enb12307e.pdf,http://www.iisd.ca/vol12/enb12307e.html
enb12308e,2006-COP-12-CMP-2,308,2006-11-07,http://www.iisd.ca/download/pdf/enb12308e.pdf,http://www.iisd.ca/vol12/enb12308e.html
enb12309e,2006-COP-12-CMP-2,309,2006-11-08,http://www.iisd.ca/download/pdf/enb12309e.pdf,http://www.iisd.ca/vol12/enb12309e.html
enb12310e,2006-COP-12-CMP-2,310,2006-11-09,http://www.iisd.ca/download/pdf/enb12310e.pdf,http://www.iisd.ca/vol12/enb12310e.html
enb12311e,2006-COP-12-CMP-2,311,2006-11-10,http://www.iisd.ca/download/pdf/enb12311e.pdf,http://www.iisd.ca/vol12/enb12311e.html
enb12312e,2006-COP-12-CMP-2,312,2006-11-11,http://www.iisd.ca/download/pdf/enb12312e.pdf,http://www.iisd.ca/vol12/enb12312e.html
enb12313e,2006-COP-12-CMP-2,313,2006-11-13,http://www.iisd.ca/download/pdf/enb12313e.pdf,http://www.iisd.ca/vol12/enb12313e.html
enb12314e,2006-COP-12-CMP-2,314,2006-11-14,http://www.iisd.ca/download/pdf/enb12314e.pdf,http://www.iisd.ca/vol12/enb12314e.html
enb12315e,2006-COP-12-CMP-2,315,2006-11-15,http://www.iisd.ca/download/pdf/enb12315e.pdf,http://www.iisd.ca/vol12/enb12315e.html
enb12316e,2006-COP-12-CMP-2,316,2006-11-16,http://www.iisd.ca/download/pdf/enb12316e.pdf,http://www.iisd.ca/vol12/enb12316e.html
enb12317e,2006-COP-12-CMP-2,317,2006-11-17,http://www.iisd.ca/download/pdf/enb12317e.pdf,http://www.iisd.ca/vol12/enb12317e.html
enb12318e,2006-COP-12-CMP-2,318,2006-11-17,http://www.iisd.ca/download/pdf/enb12318e.pdf,http://www.iisd.ca/vol12/enb12318e.html
enb12319e,2007-IPCC-WGI,319,2007-02-01,http://www.iisd.ca/download/pdf/enb12319e.pdf,http://www.iisd.ca/vol12/enb12319e.html
enb12320e,2007-IPCC-WGII,320,2007-04-05,http://www.iisd.ca/download/pdf/enb12320e.pdf,http://www.iisd.ca/vol12/enb12320e.html
enb12321e,2007-IPCC-WGIII,321,2007-05-04,http://www.iisd.ca/download/pdf/enb12321e.pdf,http://www.iisd.ca/vol12/enb12321e.html
enb12322e,2007-SB-26,322,2007-05-07,http://www.iisd.ca/download/pdf/enb12322e.pdf,http://www.iisd.ca/vol12/enb12322e.html
enb12323e,2007-SB-26,323,2007-05-08,http://www.iisd.ca/download/pdf/enb12323e.pdf,http://www.iisd.ca/vol12/enb12323e.html
enb12324e,2007-SB-26,324,2007-05-09,http://www.iisd.ca/download/pdf/enb12324e.pdf,http://www.iisd.ca/vol12/enb12324e.html
enb12325e,2007-SB-26,325,2007-05-10,http://www.iisd.ca/download/pdf/enb12325e.pdf,http://www.iisd.ca/vol12/enb12325e.html
enb12326e,2007-SB-26,326,2007-05-11,http://www.iisd.ca/download/pdf/enb12326e.pdf,http://www.iisd.ca/vol12/enb12326e.html
enb12327e,2007-SB-26,327,2007-05-12,http://www.iisd.ca/download/pdf/enb12327e.pdf,http://www.iisd.ca/vol12/enb12327e.html
enb12328e,2007-SB-26,328,2007-05-14,http://www.iisd.ca/download/pdf/enb12328e.pdf,http://www.iisd.ca/vol12/enb12328e.html
enb12329e,2007-SB-26,329,2007-05-15,http://www.iisd.ca/download/pdf/enb12329e.pdf,http://www.iisd.ca/vol12/enb12329e.html
enb12330e,2007-SB-26,330,2007-05-16,http://www.iisd.ca/download/pdf/enb12330e.pdf,http://www.iisd.ca/vol12/enb12330e.html
enb12331e,2007-SB-26,331,2007-05-17,http://www.iisd.ca/download/pdf/enb12331e.pdf,http://www.iisd.ca/vol12/enb12331e.html
enb12332e,2007-SB-26,332,2007-05-18,http://www.iisd.ca/download/pdf/enb12332e.pdf,http://www.iisd.ca/vol12/enb12332e.html
enb12333e,2007-SB-26,333,2007-05-18,http://www.iisd.ca/download/pdf/enb12333e.pdf,http://www.iisd.ca/vol12/enb12333e.html
enb12334e,2007-AWG-4,334,2007-08-27,http://www.iisd.ca/download/pdf/enb12334e.pdf,http://www.iisd.ca/vol12/enb12334e.html
enb12335e,2007-AWG-4,335,2007-08-28,http://www.iisd.ca/download/pdf/enb12335e.pdf,http://www.iisd.ca/vol12/enb12335e.html
enb12336e,2007-AWG-4,336,2007-08-29,http://www.iisd.ca/download/pdf/enb12336e.pdf,http://www.iisd.ca/vol12/enb12336e.html
enb12337e,2007-AWG-4,337,2007-08-30,http://www.iisd.ca/download/pdf/enb12337e.pdf,http://www.iisd.ca/vol12/enb12337e.html
enb12338e,2007-AWG-4,338,2007-08-31,http://www.iisd.ca/download/pdf/enb12338e.pdf,http://www.iisd.ca/vol12/enb12338e.html
enb12339e,2007-AWG-4,339,2007-08-31,http://www.iisd.ca/download/pdf/enb12339e.pdf,http://www.iisd.ca/vol12/enb12339e.html
enb12340e,2007-UNFCCC-WS-V&A-NWP,340,2007-09-15,http://www.iisd.ca/download/pdf/enb12340e.pdf,http://www.iisd.ca/vol12/enb12340e.html
enb12341e,2007-IPCC-27,341,2007-11-12,http://www.iisd.ca/download/pdf/enb12341e.pdf,http://www.iisd.ca/vol12/enb12341e.html
enb12342e,2007-IPCC-27,342,2007-11-17,http://www.iisd.ca/download/pdf/enb12342e.pdf,http://www.iisd.ca/vol12/enb12342e.html
enb12343e,2008-COP-13-CMP-3,343,2008-12-03,http://www.iisd.ca/download/pdf/enb12343e.pdf,http://www.iisd.ca/vol12/enb12343e.html
enb12344e,2008-COP-13-CMP-3,344,2008-12-04,http://www.iisd.ca/download/pdf/enb12344e.pdf,http://www.iisd.ca/vol12/enb12344e.html
enb12345e,2008-COP-13-CMP-3,345,2008-12-05,http://www.iisd.ca/download/pdf/enb12345e.pdf,http://www.iisd.ca/vol12/enb12345e.html
enb12346e,2008-COP-13-CMP-3,346,2008-12-06,http://www.iisd.ca/download/pdf/enb12346e.pdf,http://www.iisd.ca/vol12/enb12346e.html
enb12347e,2008-COP-13-CMP-3,347,2008-12-07,http://www.iisd.ca/download/pdf/enb12347e.pdf,http://www.iisd.ca/vol12/enb12347e.html
enb12348e,2008-COP-13-CMP-3,348,2008-12-08,http://www.iisd.ca/download/pdf/enb12348e.pdf,http://www.iisd.ca/vol12/enb12348e.html
enb12349e,2008-COP-13-CMP-3,349,2008-12-10,http://www.iisd.ca/download/pdf/enb12349e.pdf,http://www.iisd.ca/vol12/enb12349e.html
enb12350e,2008-COP-13-CMP-3,350,2008-12-11,http://www.iisd.ca/download/pdf/enb12350e.pdf,http://www.iisd.ca/vol12/enb12350e.html
enb12351e,2008-COP-13-CMP-3,351,2008-12-12,http://www.iisd.ca/download/pdf/enb12351e.pdf,http://www.iisd.ca/vol12/enb12351e.html
enb12352e,2008-COP-13-CMP-3,352,2008-12-13,http://www.iisd.ca/download/pdf/enb12352e.pdf,http://www.iisd.ca/vol12/enb12352e.html
enb12353e,2008-COP-13-CMP-3,353,2008-12-14,http://www.iisd.ca/download/pdf/enb12353e.pdf,http://www.iisd.ca/vol12/enb12353e.html
enb12354e,2008-COP-13-CMP-3,354,2008-12-15,http://www.iisd.ca/download/pdf/enb12354e.pdf,http://www.iisd.ca/vol12/enb12354e.html
enb12355e,2008-UNFCCC-WS-NWP-MT,355,2008-03-07,http://www.iisd.ca/download/pdf/enb12355e.pdf,http://www.iisd.ca/vol12/enb12355e.html
enb12356e,2008-UNFCCC-WS-NPW-SI,356,2008-03-12,http://www.iisd.ca/download/pdf/enb12356e.pdf,http://www.iisd.ca/vol12/enb12356e.html
enb12357e,2008-AWGLCA-1,357,2008-03-31,http://www.iisd.ca/download/pdf/enb12357e.pdf,http://www.iisd.ca/vol12/enb12357e.html
enb12358e,2008-AWGLCA-1,358,2008-04-01,http://www.iisd.ca/download/pdf/enb12358e.pdf,http://www.iisd.ca/vol12/enb12358e.html
enb12359e,2008-AWGLCA-1,359,2008-04-02,http://www.iisd.ca/download/pdf/enb12359e.pdf,http://www.iisd.ca/vol12/enb12359e.html
enb12360e,2008-AWGLCA-1,360,2008-04-03,http://www.iisd.ca/download/pdf/enb12360e.pdf,http://www.iisd.ca/vol12/enb12360e.html
enb12361e,2008-AWGLCA-1,361,2008-04-04,http://www.iisd.ca/download/pdf/enb12361e.pdf,http://www.iisd.ca/vol12/enb12361e.html
enb12362e,2008-AWGLCA-1,362,2008-04-04,http://www.iisd.ca/download/pdf/enb12362e.pdf,http://www.iisd.ca/vol12/enb12362e.html
enb12363e,2008-IPCC-28,363,2008-04-10,http://www.iisd.ca/download/pdf/enb12363e.pdf,http://www.iisd.ca/vol12/enb12363e.html
enb12364e,2008-SB-28,364,2008-06-02,http://www.iisd.ca/download/pdf/enb12364e.pdf,http://www.iisd.ca/vol12/enb12364e.html
enb12365e,2008-SB-28,365,2008-06-03,http://www.iisd.ca/download/pdf/enb12365e.pdf,http://www.iisd.ca/vol12/enb12365e.html
enb12366e,2008-SB-28,366,2008-06-04,http://www.iisd.ca/download/pdf/enb12366e.pdf,http://www.iisd.ca/vol12/enb12366e.html
enb12367e,2008-SB-28,367,2008-06-05,http://www.iisd.ca/download/pdf/enb12367e.pdf,http://www.iisd.ca/vol12/enb12367e.html
enb12368e,2008-SB-28,368,2008-06-06,http://www.iisd.ca/download/pdf/enb12368e.pdf,http://www.iisd.ca/vol12/enb12368e.html
enb12369e,2008-SB-28,369,2008-06-07,http://www.iisd.ca/download/pdf/enb12369e.pdf,http://www.iisd.ca/vol12/enb12369e.html
enb12370e,2008-SB-28,370,2008-06-09,http://www.iisd.ca/download/pdf/enb12370e.pdf,http://www.iisd.ca/vol12/enb12370e.html
enb12371e,2008-SB-28,371,2008-06-10,http://www.iisd.ca/download/pdf/enb12371e.pdf,http://www.iisd.ca/vol12/enb12371e.html
enb12372e,2008-SB-28,372,2008-06-11,http://www.iisd.ca/download/pdf/enb12372e.pdf,http://www.iisd.ca/vol12/enb12372e.html
enb12373e,2008-SB-28,373,2008-06-12,http://www.iisd.ca/download/pdf/enb12373e.pdf,http://www.iisd.ca/vol12/enb12373e.html
enb12374e,2008-SB-28,374,2008-06-13,http://www.iisd.ca/download/pdf/enb12374e.pdf,http://www.iisd.ca/vol12/enb12374e.html
enb12375e,2008-SB-28,375,2008-06-13,http://www.iisd.ca/download/pdf/enb12375e.pdf,http://www.iisd.ca/vol12/enb12375e.html
enb12376e,2008-UNFCCC-WS-DFD-DC,376,2008-06-27,http://www.iisd.ca/download/pdf/enb12376e.pdf,http://www.iisd.ca/vol12/enb12376e.html
enb12377e,2008-AWGLCA-2,377,2008-08-21,http://www.iisd.ca/download/pdf/enb12377e.pdf,http://www.iisd.ca/vol12/enb12377e.html
enb12378e,2008-AWGLCA-2,378,2008-08-21,http://www.iisd.ca/download/pdf/enb12378e.pdf,http://www.iisd.ca/vol12/enb12378e.html
enb12379e,2008-AWGLCA-2,379,2008-08-21,http://www.iisd.ca/download/pdf/enb12379e.pdf,http://www.iisd.ca/vol12/enb12379e.html
enb12380e,2008-AWGLCA-2,380,2008-08-21,http://www.iisd.ca/download/pdf/enb12380e.pdf,http://www.iisd.ca/vol12/enb12380e.html
enb12381e,2008-AWGLCA-2,381,2008-08-21,http://www.iisd.ca/download/pdf/enb12381e.pdf,http://www.iisd.ca/vol12/enb12381e.html
enb12382e,2008-AWGLCA-2,382,2008-08-21,http://www.iisd.ca/download/pdf/enb12382e.pdf,http://www.iisd.ca/vol12/enb12382e.html
enb12383e,2008-AWGLCA-2,383,2008-08-27,http://www.iisd.ca/download/pdf/enb12383e.pdf,http://www.iisd.ca/vol12/enb12383e.html
enb12384e,2008-IPCC-29,384,2008-09-04,http://www.iisd.ca/download/pdf/enb12384e.pdf,http://www.iisd.ca/vol12/enb12384e.html
enb12385e,2008-COP-14-CMP-4,385,2008-12-01,http://www.iisd.ca/download/pdf/enb12385e.pdf,http://www.iisd.ca/vol12/enb12385e.html
enb12386e,2008-COP-14-CMP-4,386,2008-12-02,http://www.iisd.ca/download/pdf/enb12386e.pdf,http://www.iisd.ca/vol12/enb12386e.html
enb12387e,2008-COP-14-CMP-4,387,2008-12-03,http://www.iisd.ca/download/pdf/enb12387e.pdf,http://www.iisd.ca/vol12/enb12387e.html
enb12388e,2008-COP-14-CMP-4,388,2008-12-04,http://www.iisd.ca/download/pdf/enb12388e.pdf,http://www.iisd.ca/vol12/enb12388e.html
enb12389e,2008-COP-14-CMP-4,389,2008-12-05,http://www.iisd.ca/download/pdf/enb12389e.pdf,http://www.iisd.ca/vol12/enb12389e.html
enb12390e,2008-COP-14-CMP-4,390,2008-12-06,http://www.iisd.ca/download/pdf/enb12390e.pdf,http://www.iisd.ca/vol12/enb12390e.html
enb12391e,2008-COP-14-CMP-4,391,2008-12-09,http://www.iisd.ca/download/pdf/enb12391e.pdf,http://www.iisd.ca/vol12/enb12391e.html
enb12392e,2008-COP-14-CMP-4,392,2008-12-10,http://www.iisd.ca/download/pdf/enb12392e.pdf,http://www.iisd.ca/vol12/enb12392e.html
enb12393e,2008-COP-14-CMP-4,393,2008-12-11,http://www.iisd.ca/download/pdf/enb12393e.pdf,http://www.iisd.ca/vol12/enb12393e.html
enb12394e,2008-COP-14-CMP-4,394,2008-12-12,http://www.iisd.ca/download/pdf/enb12394e.pdf,http://www.iisd.ca/vol12/enb12394e.html
enb12395e,2008-COP-14-CMP-4,395,2008-12-12,http://www.iisd.ca/download/pdf/enb12395e.pdf,http://www.iisd.ca/vol12/enb12395e.html
enb12396e,2009-UNFCCC-WS-DRR,396,2009-03-12,http://www.iisd.ca/download/pdf/enb12396e.pdf,http://www.iisd.ca/vol12/enb12396e.html
enb12397e,2009-AWGLCA-5,397,2009-03-29,http://www.iisd.ca/download/pdf/enb12397e.pdf,http://www.iisd.ca/vol12/enb12397e.html
enb12398e,2009-AWGLCA-5,398,2009-03-30,http://www.iisd.ca/download/pdf/enb12398e.pdf,http://www.iisd.ca/vol12/enb12398e.html
enb12399e,2009-AWGLCA-5,399,2009-03-31,http://www.iisd.ca/download/pdf/enb12399e.pdf,http://www.iisd.ca/vol12/enb12399e.html
enb12400e,2009-AWGLCA-5,400,2009-04-01,http://www.iisd.ca/download/pdf/enb12400e.pdf,http://www.iisd.ca/vol12/enb12400e.html
enb12401e,2009-AWGLCA-5,401,2009-04-02,http://www.iisd.ca/download/pdf/enb12401e.pdf,http://www.iisd.ca/vol12/enb12401e.html
enb12402e,2009-AWGLCA-5,402,2009-04-03,http://www.iisd.ca/download/pdf/enb12402e.pdf,http://www.iisd.ca/vol12/enb12402e.html
enb12403e,2009-AWGLCA-5,403,2009-04-04,http://www.iisd.ca/download/pdf/enb12403e.pdf,http://www.iisd.ca/vol12/enb12403e.html
enb12404e,2009-AWGLCA-5,404,2009-04-06,http://www.iisd.ca/download/pdf/enb12404e.pdf,http://www.iisd.ca/vol12/enb12404e.html
enb12405e,2009-AWGLCA-5,405,2009-04-07,http://www.iisd.ca/download/pdf/enb12405e.pdf,http://www.iisd.ca/vol12/enb12405e.html
enb12406e,2009-AWGLCA-5,406,2009-04-08,http://www.iisd.ca/download/pdf/enb12406e.pdf,http://www.iisd.ca/vol12/enb12406e.html
enb12407e,2009-AWGLCA-5,407,2009-04-08,http://www.iisd.ca/download/pdf/enb12407e.pdf,http://www.iisd.ca/vol12/enb12407e.html
enb12408e,2009-IPCC-30,408,2009-04-23,http://www.iisd.ca/download/pdf/enb12408e.pdf,http://www.iisd.ca/vol12/enb12408e.html
enb12409e,2009-UNFCCC-WS-ECORES,409,2009-04-30,http://www.iisd.ca/download/pdf/enb12409e.pdf,http://www.iisd.ca/vol12/enb12409e.html
enb12410e,2009-SB-30,410,2009-06-01,http://www.iisd.ca/download/pdf/enb12410e.pdf,http://www.iisd.ca/vol12/enb12410e.html
enb12411e,2009-SB-30,411,2009-06-02,http://www.iisd.ca/download/pdf/enb12411e.pdf,http://www.iisd.ca/vol12/enb12411e.html
enb12412e,2009-SB-30,412,2009-06-03,http://www.iisd.ca/download/pdf/enb12412e.pdf,http://www.iisd.ca/vol12/enb12412e.html
enb12413e,2009-SB-30,413,2009-06-04,http://www.iisd.ca/download/pdf/enb12413e.pdf,http://www.iisd.ca/vol12/enb12413e.html
enb12414e,2009-SB-30,414,2009-06-05,http://www.iisd.ca/download/pdf/enb12414e.pdf,http://www.iisd.ca/vol12/enb12414e.html
enb12415e,2009-SB-30,415,2009-06-06,http://www.iisd.ca/download/pdf/enb12415e.pdf,http://www.iisd.ca/vol12/enb12415e.html
enb12416e,2009-SB-30,416,2009-06-08,http://www.iisd.ca/download/pdf/enb12416e.pdf,http://www.iisd.ca/vol12/enb12416e.html
enb12417e,2009-SB-30,417,2009-06-09,http://www.iisd.ca/download/pdf/enb12417e.pdf,http://www.iisd.ca/vol12/enb12417e.html
enb12418e,2009-SB-30,418,2009-06-10,http://www.iisd.ca/download/pdf/enb12418e.pdf,http://www.iisd.ca/vol12/enb12418e.html
enb12419e,2009-SB-30,419,2009-06-11,http://www.iisd.ca/download/pdf/enb12419e.pdf,http://www.iisd.ca/vol12/enb12419e.html
enb12420e,2009-SB-30,420,2009-06-12,http://www.iisd.ca/download/pdf/enb12420e.pdf,http://www.iisd.ca/vol12/enb12420e.html
enb12421e,2009-SB-30,421,2009-06-12,http://www.iisd.ca/download/pdf/enb12421e.pdf,http://www.iisd.ca/vol12/enb12421e.html
enb12422e,2009-AWGs-CCWG1,422,2009-08-10,http://www.iisd.ca/download/pdf/enb12422e.pdf,http://www.iisd.ca/vol12/enb12422e.html
enb12423e,2009-AWGs-CCWG1,423,2009-08-11,http://www.iisd.ca/download/pdf/enb12423e.pdf,http://www.iisd.ca/vol12/enb12423e.html
enb12424e,2009-AWGs-CCWG1,424,2009-08-12,http://www.iisd.ca/download/pdf/enb12424e.pdf,http://www.iisd.ca/vol12/enb12424e.html
enb12425e,2009-AWGs-CCWG1,425,2009-08-13,http://www.iisd.ca/download/pdf/enb12425e.pdf,http://www.iisd.ca/vol12/enb12425e.html
enb12426e,2009-AWGs-CCWG1,426,2009-08-14,http://www.iisd.ca/download/pdf/enb12426e.pdf,http://www.iisd.ca/vol12/enb12426e.html
enb12427e,2009-AWGs-CCWG1,427,2009-08-14,http://www.iisd.ca/download/pdf/enb12427e.pdf,http://www.iisd.ca/vol12/enb12427e.html
enb12428e,2009-AWGs-CCWG7,428,2009-09-28,http://www.iisd.ca/download/pdf/enb12428e.pdf,http://www.iisd.ca/vol12/enb12428e.html
enb12429e,2009-AWGs-CCWG7,429,2009-09-29,http://www.iisd.ca/download/pdf/enb12429e.pdf,http://www.iisd.ca/vol12/enb12429e.html
enb12430e,2009-AWGs-CCWG7,430,2009-09-30,http://www.iisd.ca/download/pdf/enb12430e.pdf,http://www.iisd.ca/vol12/enb12430e.html
enb12431e,2009-AWGs-CCWG7,431,2009-10-01,http://www.iisd.ca/download/pdf/enb12431e.pdf,http://www.iisd.ca/vol12/enb12431e.html
enb12432e,2009-AWGs-CCWG7,432,2009-10-02,http://www.iisd.ca/download/pdf/enb12432e.pdf,http://www.iisd.ca/vol12/enb12432e.html
enb12433e,2009-AWGs-CCWG7,433,2009-10-03,http://www.iisd.ca/download/pdf/enb12433e.pdf,http://www.iisd.ca/vol12/enb12433e.html
enb12434e,2009-AWGs-CCWG7,434,2009-10-05,http://www.iisd.ca/download/pdf/enb12434e.pdf,http://www.iisd.ca/vol12/enb12434e.html
enb12435e,2009-AWGs-CCWG7,435,2009-10-06,http://www.iisd.ca/download/pdf/enb12435e.pdf,http://www.iisd.ca/vol12/enb12435e.html
enb12436e,2009-AWGs-CCWG7,436,2009-10-07,http://www.iisd.ca/download/pdf/enb12436e.pdf,http://www.iisd.ca/vol12/enb12436e.html
enb12437e,2009-AWGs-CCWG7,437,2009-10-08,http://www.iisd.ca/download/pdf/enb12437e.pdf,http://www.iisd.ca/vol12/enb12437e.html
enb12438e,2009-AWGs-CCWG7,438,2009-10-09,http://www.iisd.ca/download/pdf/enb12438e.pdf,http://www.iisd.ca/vol12/enb12438e.html
enb12439e,2009-AWGs-CCWG7,439,2009-10-09,http://www.iisd.ca/download/pdf/enb12439e.pdf,http://www.iisd.ca/vol12/enb12439e.html
enb12440e,2009-UNFCCC-WS-AP,440,2009-10-14,http://www.iisd.ca/download/pdf/enb12440e.pdf,http://www.iisd.ca/vol12/enb12440e.html
enb12441e,2009-IPCC-31,441,2009-10-29,http://www.iisd.ca/download/pdf/enb12441e.pdf,http://www.iisd.ca/vol12/enb12441e.html
enb12442e,2009-AWGs-RCCWG7,442,2009-11-02,http://www.iisd.ca/download/pdf/enb12442e.pdf,http://www.iisd.ca/vol12/enb12442e.html
enb12443e,2009-AWGs-RCCWG7,443,2009-11-03,http://www.iisd.ca/download/pdf/enb12443e.pdf,http://www.iisd.ca/vol12/enb12443e.html
enb12444e,2009-AWGs-RCCWG7,444,2009-11-04,http://www.iisd.ca/download/pdf/enb12444e.pdf,http://www.iisd.ca/vol12/enb12444e.html
enb12445e,2009-AWGs-RCCWG7,445,2009-11-05,http://www.iisd.ca/download/pdf/enb12445e.pdf,http://www.iisd.ca/vol12/enb12445e.html
enb12446e,2009-AWGs-RCCWG7,446,2009-11-06,http://www.iisd.ca/download/pdf/enb12446e.pdf,http://www.iisd.ca/vol12/enb12446e.html
enb12447e,2009-AWGs-RCCWG7,447,2009-11-06,http://www.iisd.ca/download/pdf/enb12447e.pdf,http://www.iisd.ca/vol12/enb12447e.html
enb12448e,2009-COP-15-CMP-5,448,2009-12-07,http://www.iisd.ca/download/pdf/enb12448e.pdf,http://www.iisd.ca/vol12/enb12448e.html
enb12449e,2009-COP-15-CMP-5,449,2009-12-08,http://www.iisd.ca/download/pdf/enb12449e.pdf,http://www.iisd.ca/vol12/enb12449e.html
enb12450e,2009-COP-15-CMP-5,450,2009-12-09,http://www.iisd.ca/download/pdf/enb12450e.pdf,http://www.iisd.ca/vol12/enb12450e.html
enb12451e,2009-COP-15-CMP-5,451,2009-12-10,http://www.iisd.ca/download/pdf/enb12451e.pdf,http://www.iisd.ca/vol12/enb12451e.html
enb12452e,2009-COP-15-CMP-5,452,2009-12-11,http://www.iisd.ca/download/pdf/enb12452e.pdf,http://www.iisd.ca/vol12/enb12452e.html
enb12453e,2009-COP-15-CMP-5,453,2009-12-12,http://www.iisd.ca/download/pdf/enb12453e.pdf,http://www.iisd.ca/vol12/enb12453e.html
enb12454e,2009-COP-15-CMP-5,454,2009-12-14,http://www.iisd.ca/download/pdf/enb12454e.pdf,http://www.iisd.ca/vol12/enb12454e.html
enb12455e,2009-COP-15-CMP-5,455,2009-12-15,http://www.iisd.ca/download/pdf/enb12455e.pdf,http://www.iisd.ca/vol12/enb12455e.html
enb12456e,2009-COP-15-CMP-5,456,2009-12-16,http://www.iisd.ca/download/pdf/enb12456e.pdf,http://www.iisd.ca/vol12/enb12456e.html
enb12457e,2009-COP-15-CMP-5,457,2009-12-17,http://www.iisd.ca/download/pdf/enb12457e.pdf,http://www.iisd.ca/vol12/enb12457e.html
enb12458e,2009-COP-15-CMP-5,458,2009-12-18,http://www.iisd.ca/download/pdf/enb12458e.pdf,http://www.iisd.ca/vol12/enb12458e.html
enb12459e,2009-COP-15-CMP-5,459,2009-12-19,http://www.iisd.ca/download/pdf/enb12459e.pdf,http://www.iisd.ca/vol12/enb12459e.html
enb12460e,2010-AWGs-CCWG9,460,2010-04-11,http://www.iisd.ca/download/pdf/enb12460e.pdf,http://www.iisd.ca/vol12/enb12460e.html
enb12461e,2010-SB-32-AWGs-,461,2010-05-31,http://www.iisd.ca/download/pdf/enb12461e.pdf,http://www.iisd.ca/vol12/enb12461e.html
enb12462e,2010-SB-32-AWGs-,462,2010-06-01,http://www.iisd.ca/download/pdf/enb12462e.pdf,http://www.iisd.ca/vol12/enb12462e.html
enb12463e,2010-SB-32-AWGs-,463,2010-06-02,http://www.iisd.ca/download/pdf/enb12463e.pdf,http://www.iisd.ca/vol12/enb12463e.html
enb12464e,2010-SB-32-AWGs-,464,2010-06-03,http://www.iisd.ca/download/pdf/enb12464e.pdf,http://www.iisd.ca/vol12/enb12464e.html
enb12465e,2010-SB-32-AWGs-,465,2010-06-04,http://www.iisd.ca/download/pdf/enb12465e.pdf,http://www.iisd.ca/vol12/enb12465e.html
enb12466e,2010-SB-32-AWGs-,466,2010-06-05,http://www.iisd.ca/download/pdf/enb12466e.pdf,http://www.iisd.ca/vol12/enb12466e.html
enb12467e,2010-SB-32-AWGs-,467,2010-06-07,http://www.iisd.ca/download/pdf/enb12467e.pdf,http://www.iisd.ca/vol12/enb12467e.html
enb12468e,2010-SB-32-AWGs-,468,2010-06-08,http://www.iisd.ca/download/pdf/enb12468e.pdf,http://www.iisd.ca/vol12/enb12468e.html
enb12469e,2010-SB-32-AWGs-,469,2010-06-09,http://www.iisd.ca/download/pdf/enb12469e.pdf,http://www.iisd.ca/vol12/enb12469e.html
enb12470e,2010-SB-32-AWGs-,470,2010-06-10,http://www.iisd.ca/download/pdf/enb12470e.pdf,http://www.iisd.ca/vol12/enb12470e.html
enb12471e,2010-SB-32-AWGs-,471,2010-06-11,http://www.iisd.ca/download/pdf/enb12471e.pdf,http://www.iisd.ca/vol12/enb12471e.html
enb12472e,2010-SB-32-AWGs-,472,2010-06-11,http://www.iisd.ca/download/pdf/enb12472e.pdf,http://www.iisd.ca/vol12/enb12472e.html
enb12473e,2010-AWGs-CCWG11,473,2010-08-02,http://www.iisd.ca/download/pdf/enb12473e.pdf,http://www.iisd.ca/vol12/enb12473e.html
enb12474e,2010-AWGs-CCWG11,474,2010-08-03,http://www.iisd.ca/download/pdf/enb12474e.pdf,http://www.iisd.ca/vol12/enb12474e.html
enb12475e,2010-AWGs-CCWG11,475,2010-08-04,http://www.iisd.ca/download/pdf/enb12475e.pdf,http://www.iisd.ca/vol12/enb12475e.html
enb12476e,2010-AWGs-CCWG11,476,2010-08-05,http://www.iisd.ca/download/pdf/enb12476e.pdf,http://www.iisd.ca/vol12/enb12476e.html
enb12477e,2010-AWGs-CCWG11,477,2010-08-06,http://www.iisd.ca/download/pdf/enb12477e.pdf,http://www.iisd.ca/vol12/enb12477e.html
enb12478e,2010-AWGs-CCWG11,478,2010-08-06,http://www.iisd.ca/download/pdf/enb12478e.pdf,http://www.iisd.ca/vol12/enb12478e.html
enb12479e,2010-AWGs-CCWG12,479,2010-10-04,http://www.iisd.ca/download/pdf/enb12479e.pdf,http://www.iisd.ca/vol12/enb12479e.html
enb12480e,2010-AWGs-CCWG12,480,2010-10-05,http://www.iisd.ca/download/pdf/enb12480e.pdf,http://www.iisd.ca/vol12/enb12480e.html
enb12481e,2010-AWGs-CCWG12,481,2010-10-06,http://www.iisd.ca/download/pdf/enb12481e.pdf,http://www.iisd.ca/vol12/enb12481e.html
enb12482e,2010-AWGs-CCWG12,482,2010-10-07,http://www.iisd.ca/download/pdf/enb12482e.pdf,http://www.iisd.ca/vol12/enb12482e.html
enb12483e,2010-AWGs-CCWG12,483,2010-10-08,http://www.iisd.ca/download/pdf/enb12483e.pdf,http://www.iisd.ca/vol12/enb12483e.html
enb12484e,2010-AWGs-CCWG12,484,2010-10-09,http://www.iisd.ca/download/pdf/enb12484e.pdf,http://www.iisd.ca/vol12/enb12484e.html
enb12485e,2010-AWGs-CCWG12,485,2010-10-09,http://www.iisd.ca/download/pdf/enb12485e.pdf,http://www.iisd.ca/vol12/enb12485e.html
enb12486e,2010-IPCC-32,486,2010-10-14,http://www.iisd.ca/download/pdf/enb12486e.pdf,http://www.iisd.ca/vol12/enb12486e.html
enb12487e,2010-COP-16-CMP-6,487,2010-11-29,http://www.iisd.ca/download/pdf/enb12487e.pdf,http://www.iisd.ca/vol12/enb12487e.html
enb12488e,2010-COP-16-CMP-6,488,2010-11-30,http://www.iisd.ca/download/pdf/enb12488e.pdf,http://www.iisd.ca/vol12/enb12488e.html
enb12489e,2010-COP-16-CMP-6,489,2010-12-01,http://www.iisd.ca/download/pdf/enb12489e.pdf,http://www.iisd.ca/vol12/enb12489e.html
enb12490e,2010-COP-16-CMP-6,490,2010-12-02,http://www.iisd.ca/download/pdf/enb12490e.pdf,http://www.iisd.ca/vol12/enb12490e.html
enb12491e,2010-COP-16-CMP-6,491,2010-12-03,http://www.iisd.ca/download/pdf/enb12491e.pdf,http://www.iisd.ca/vol12/enb12491e.html
enb12492e,2010-COP-16-CMP-6,492,2010-12-04,http://www.iisd.ca/download/pdf/enb12492e.pdf,http://www.iisd.ca/vol12/enb12492e.html
enb12493e,2010-COP-16-CMP-6,493,2010-12-06,http://www.iisd.ca/download/pdf/enb12493e.pdf,http://www.iisd.ca/vol12/enb12493e.html
enb12494e,2010-COP-16-CMP-6,494,2010-12-07,http://www.iisd.ca/download/pdf/enb12494e.pdf,http://www.iisd.ca/vol12/enb12494e.html
enb12495e,2010-COP-16-CMP-6,495,2010-12-08,http://www.iisd.ca/download/pdf/enb12495e.pdf,http://www.iisd.ca/vol12/enb12495e.html
enb12496e,2010-COP-16-CMP-6,496,2010-12-09,http://www.iisd.ca/download/pdf/enb12496e.pdf,http://www.iisd.ca/vol12/enb12496e.html
enb12497e,2010-COP-16-CMP-6,497,2010-12-10,http://www.iisd.ca/download/pdf/enb12497e.pdf,http://www.iisd.ca/vol12/enb12497e.html
enb12498e,2010-COP-16-CMP-6,498,2010-12-11,http://www.iisd.ca/download/pdf/enb12498e.pdf,http://www.iisd.ca/vol12/enb12498e.html
enb12499e,2011-AWGs-CCWG14,499,2011-04-08,http://www.iisd.ca/download/pdf/enb12499e.pdf,http://www.iisd.ca/vol12/enb12499e.html
enb12500e,2011-IPCC-33,500,2011-05-13,http://www.iisd.ca/download/pdf/enb12500e.pdf,http://www.iisd.ca/vol12/enb12500e.html
enb12501e,2011-UNFCCC-WS-TNA,501,2011-06-02,http://www.iisd.ca/download/pdf/enb12501e.pdf,http://www.iisd.ca/vol12/enb12501e.html
enb12502e,2011-SB-34,502,2011-06-06,http://www.iisd.ca/download/pdf/enb12502e.pdf,http://www.iisd.ca/vol12/enb12502e.html
enb12503e,2011-SB-34,503,2011-06-07,http://www.iisd.ca/download/pdf/enb12503e.pdf,http://www.iisd.ca/vol12/enb12503e.html
enb12504e,2011-SB-34,504,2011-06-08,http://www.iisd.ca/download/pdf/enb12504e.pdf,http://www.iisd.ca/vol12/enb12504e.html
enb12505e,2011-SB-34,505,2011-06-09,http://www.iisd.ca/download/pdf/enb12505e.pdf,http://www.iisd.ca/vol12/enb12505e.html
enb12506e,2011-SB-34,506,2011-06-10,http://www.iisd.ca/download/pdf/enb12506e.pdf,http://www.iisd.ca/vol12/enb12506e.html
enb12507e,2011-SB-34,507,2011-06-11,http://www.iisd.ca/download/pdf/enb12507e.pdf,http://www.iisd.ca/vol12/enb12507e.html
enb12508e,2011-SB-34,508,2011-06-13,http://www.iisd.ca/download/pdf/enb12508e.pdf,http://www.iisd.ca/vol12/enb12508e.html
enb12509e,2011-SB-34,509,2011-06-14,http://www.iisd.ca/download/pdf/enb12509e.pdf,http://www.iisd.ca/vol12/enb12509e.html
enb12510e,2011-SB-34,510,2011-06-15,http://www.iisd.ca/download/pdf/enb12510e.pdf,http://www.iisd.ca/vol12/enb12510e.html
enb12511e,2011-SB-34,511,2011-06-16,http://www.iisd.ca/download/pdf/enb12511e.pdf,http://www.iisd.ca/vol12/enb12511e.html
enb12512e,2011-SB-34,512,2011-06-17,http://www.iisd.ca/download/pdf/enb12512e.pdf,http://www.iisd.ca/vol12/enb12512e.html
enb12513e,2011-SB-34,513,2011-06-17,http://www.iisd.ca/download/pdf/enb12513e.pdf,http://www.iisd.ca/vol12/enb12513e.html
enb12514e,2011-AWGs-CCWG16,514,2011-10-01,http://www.iisd.ca/download/pdf/enb12514e.pdf,http://www.iisd.ca/vol12/enb12514e.html
enb12515e,2011-AWGs-CCWG16,515,2011-10-02,http://www.iisd.ca/download/pdf/enb12515e.pdf,http://www.iisd.ca/vol12/enb12515e.html
enb12516e,2011-AWGs-CCWG16,516,2011-10-03,http://www.iisd.ca/download/pdf/enb12516e.pdf,http://www.iisd.ca/vol12/enb12516e.html
enb12517e,2011-AWGs-CCWG16,517,2011-10-04,http://www.iisd.ca/download/pdf/enb12517e.pdf,http://www.iisd.ca/vol12/enb12517e.html
enb12518e,2011-AWGs-CCWG16,518,2011-10-05,http://www.iisd.ca/download/pdf/enb12518e.pdf,http://www.iisd.ca/vol12/enb12518e.html
enb12519e,2011-AWGs-CCWG16,519,2011-10-06,http://www.iisd.ca/download/pdf/enb12519e.pdf,http://www.iisd.ca/vol12/enb12519e.html
enb12520e,2011-AWGs-CCWG16,520,2011-10-07,http://www.iisd.ca/download/pdf/enb12520e.pdf,http://www.iisd.ca/vol12/enb12520e.html
enb12521e,2011-AWGs-CCWG16,521,2011-10-07,http://www.iisd.ca/download/pdf/enb12521e.pdf,http://www.iisd.ca/vol12/enb12521e.html
enb12522e,2011-IPCC-34,522,2011-11-19,http://www.iisd.ca/download/pdf/enb12522e.pdf,http://www.iisd.ca/vol12/enb12522e.html
enb12523e,2011-COP-17-CMP7,523,2011-11-28,http://www.iisd.ca/download/pdf/enb12523e.pdf,http://www.iisd.ca/vol12/enb12523e.html
enb12524e,2011-COP-17-CMP7,524,2011-11-29,http://www.iisd.ca/download/pdf/enb12524e.pdf,http://www.iisd.ca/vol12/enb12524e.html
enb12525e,2011-COP-17-CMP7,525,2011-11-30,http://www.iisd.ca/download/pdf/enb12525e.pdf,http://www.iisd.ca/vol12/enb12525e.html
enb12526e,2011-COP-17-CMP7,526,2011-12-01,http://www.iisd.ca/download/pdf/enb12526e.pdf,http://www.iisd.ca/vol12/enb12526e.html
enb12527e,2011-COP-17-CMP7,527,2011-12-02,http://www.iisd.ca/download/pdf/enb12527e.pdf,http://www.iisd.ca/vol12/enb12527e.html
enb12528e,2011-COP-17-CMP7,528,2011-12-03,http://www.iisd.ca/download/pdf/enb12528e.pdf,http://www.iisd.ca/vol12/enb12528e.html
enb12529e,2011-COP-17-CMP7,529,2011-12-05,http://www.iisd.ca/download/pdf/enb12529e.pdf,http://www.iisd.ca/vol12/enb12529e.html
enb12530e,2011-COP-17-CMP7,530,2011-12-06,http://www.iisd.ca/download/pdf/enb12530e.pdf,http://www.iisd.ca/vol12/enb12530e.html
enb12531e,2011-COP-17-CMP7,531,2011-12-07,http://www.iisd.ca/download/pdf/enb12531e.pdf,http://www.iisd.ca/vol12/enb12531e.html
enb12532e,2011-COP-17-CMP7,532,2011-12-08,http://www.iisd.ca/download/pdf/enb12532e.pdf,http://www.iisd.ca/vol12/enb12532e.html
enb12533e,2011-COP-17-CMP7,533,2011-12-09,http://www.iisd.ca/download/pdf/enb12533e.pdf,http://www.iisd.ca/vol12/enb12533e.html
enb12534e,2011-COP-17-CMP7,534,2011-12-09,http://www.iisd.ca/download/pdf/enb12534e.pdf,http://www.iisd.ca/vol12/enb12534e.html
enb12535e,2012-SB-36,535,2012-05-14,http://www.iisd.ca/download/pdf/enb12535e.pdf,http://www.iisd.ca/vol12/enb12535e.html
enb12536e,2012-SB-36,536,2012-05-15,http://www.iisd.ca/download/pdf/enb12536e.pdf,http://www.iisd.ca/vol12/enb12536e.html
enb12537e,2012-SB-36,537,2012-05-16,http://www.iisd.ca/download/pdf/enb12537e.pdf,http://www.iisd.ca/vol12/enb12537e.html
enb12538e,2012-SB-36,538,2012-05-17,http://www.iisd.ca/download/pdf/enb12538e.pdf,http://www.iisd.ca/vol12/enb12538e.html
enb12539e,2012-SB-36,539,2012-05-18,http://www.iisd.ca/download/pdf/enb12539e.pdf,http://www.iisd.ca/vol12/enb12539e.html
enb12540e,2012-SB-36,540,2012-05-19,http://www.iisd.ca/download/pdf/enb12540e.pdf,http://www.iisd.ca/vol12/enb12540e.html
enb12541e,2012-SB-36,541,2012-05-21,http://www.iisd.ca/download/pdf/enb12541e.pdf,http://www.iisd.ca/vol12/enb12541e.html
enb12542e,2012-SB-36,542,2012-05-22,http://www.iisd.ca/download/pdf/enb12542e.pdf,http://www.iisd.ca/vol12/enb12542e.html
enb12543e,2012-SB-36,543,2012-05-23,http://www.iisd.ca/download/pdf/enb12543e.pdf,http://www.iisd.ca/vol12/enb12543e.html
enb12544e,2012-SB-36,544,2012-05-24,http://www.iisd.ca/download/pdf/enb12544e.pdf,http://www.iisd.ca/vol12/enb12544e.html
enb12545e,2012-SB-36,545,2012-05-25,http://www.iisd.ca/download/pdf/enb12545e.pdf,http://www.iisd.ca/vol12/enb12545e.html
enb12546e,2012-SB-36,546,2012-05-25,http://www.iisd.ca/download/pdf/enb12546e.pdf,http://www.iisd.ca/vol12/enb12546e.html
enb12547e,2012-IPCC-35,547,2012-06-09,http://www.iisd.ca/download/pdf/enb12547e.pdf,http://www.iisd.ca/vol12/enb12547e.html
enb12548e,2012-AWGs-CCWG17i,548,2012-08-30,http://www.iisd.ca/download/pdf/enb12548e.pdf,http://www.iisd.ca/vol12/enb12548e.html
enb12549e,2012-AWGs-CCWG17i,549,2012-08-31,http://www.iisd.ca/download/pdf/enb12549e.pdf,http://www.iisd.ca/vol12/enb12549e.html
enb12550e,2012-AWGs-CCWG17i,550,2012-09-01,http://www.iisd.ca/download/pdf/enb12550e.pdf,http://www.iisd.ca/vol12/enb12550e.html
enb12551e,2012-AWGs-CCWG17i,551,2012-09-02,http://www.iisd.ca/download/pdf/enb12551e.pdf,http://www.iisd.ca/vol12/enb12551e.html
enb12552e,2012-AWGs-CCWG17i,552,2012-09-03,http://www.iisd.ca/download/pdf/enb12552e.pdf,http://www.iisd.ca/vol12/enb12552e.html
enb12553e,2012-AWGs-CCWG17i,553,2012-09-04,http://www.iisd.ca/download/pdf/enb12553e.pdf,http://www.iisd.ca/vol12/enb12553e.html
enb12554e,2012-AWGs-CCWG17i,554,2012-09-05,http://www.iisd.ca/download/pdf/enb12554e.pdf,http://www.iisd.ca/vol12/enb12554e.html
enb12555e,2012-AWGs-CCWG17i,555,2012-09-05,http://www.iisd.ca/download/pdf/enb12555e.pdf,http://www.iisd.ca/vol12/enb12555e.html
enb12556e,2012-COP-18-CMP8,556,2012-11-26,http://www.iisd.ca/download/pdf/enb12556e.pdf,http://www.iisd.ca/vol12/enb12556e.html
enb12557e,2012-COP-18-CMP8,557,2012-11-27,http://www.iisd.ca/download/pdf/enb12557e.pdf,http://www.iisd.ca/vol12/enb12557e.html
enb12558e,2012-COP-18-CMP8,558,2012-11-28,http://www.iisd.ca/download/pdf/enb12558e.pdf,http://www.iisd.ca/vol12/enb12558e.html
enb12559e,2012-COP-18-CMP8,559,2012-11-29,http://www.iisd.ca/download/pdf/enb12559e.pdf,http://www.iisd.ca/vol12/enb12559e.html
enb12560e,2012-COP-18-CMP8,560,2012-11-30,http://www.iisd.ca/download/pdf/enb12560e.pdf,http://www.iisd.ca/vol12/enb12560e.html
enb12561e,2012-COP-18-CMP8,561,2012-12-01,http://www.iisd.ca/download/pdf/enb12561e.pdf,http://www.iisd.ca/vol12/enb12561e.html
enb12562e,2012-COP-18-CMP8,562,2012-12-03,http://www.iisd.ca/download/pdf/enb12562e.pdf,http://www.iisd.ca/vol12/enb12562e.html
enb12563e,2012-COP-18-CMP8,563,2012-12-04,http://www.iisd.ca/download/pdf/enb12563e.pdf,http://www.iisd.ca/vol12/enb12563e.html
enb12564e,2012-COP-18-CMP8,564,2012-12-05,http://www.iisd.ca/download/pdf/enb12564e.pdf,http://www.iisd.ca/vol12/enb12564e.html
enb12565e,2012-COP-18-CMP8,565,2012-12-06,http://www.iisd.ca/download/pdf/enb12565e.pdf,http://www.iisd.ca/vol12/enb12565e.html
enb12566e,2012-COP-18-CMP8,566,2012-12-07,http://www.iisd.ca/download/pdf/enb12566e.pdf,http://www.iisd.ca/vol12/enb12566e.html
enb12567e,2012-COP-18-CMP8,567,2012-12-08,http://www.iisd.ca/download/pdf/enb12567e.pdf,http://www.iisd.ca/vol12/enb12567e.html
enb12568e,2012-ADP-2,568,2013-05-03,http://www.iisd.ca/download/pdf/enb12568e.pdf,http://www.iisd.ca/vol12/enb12568e.html
enb12569e,2013-SB-38,569,2013-06-03,http://www.iisd.ca/download/pdf/enb12569e.pdf,http://www.iisd.ca/vol12/enb12569e.html
enb12570e,2013-SB-38,570,2013-06-04,http://www.iisd.ca/download/pdf/enb12570e.pdf,http://www.iisd.ca/vol12/enb12570e.html
enb12571e,2013-SB-38,571,2013-06-05,http://www.iisd.ca/download/pdf/enb12571e.pdf,http://www.iisd.ca/vol12/enb12571e.html
enb12572e,2013-SB-38,572,2013-06-06,http://www.iisd.ca/download/pdf/enb12572e.pdf,http://www.iisd.ca/vol12/enb12572e.html
enb12573e,2013-SB-38,573,2013-06-07,http://www.iisd.ca/download/pdf/enb12573e.pdf,http://www.iisd.ca/vol12/enb12573e.html
enb12574e,2013-SB-38,574,2013-06-08,http://www.iisd.ca/download/pdf/enb12574e.pdf,http://www.iisd.ca/vol12/enb12574e.html
enb12575e,2013-SB-38,575,2013-06-10,http://www.iisd.ca/download/pdf/enb12575e.pdf,http://www.iisd.ca/vol12/enb12575e.html
enb12576e,2013-SB-38,576,2013-06-11,http://www.iisd.ca/download/pdf/enb12576e.pdf,http://www.iisd.ca/vol12/enb12576e.html
enb12577e,2013-SB-38,577,2013-06-12,http://www.iisd.ca/download/pdf/enb12577e.pdf,http://www.iisd.ca/vol12/enb12577e.html
enb12578e,2013-SB-38,578,2013-06-13,http://www.iisd.ca/download/pdf/enb12578e.pdf,http://www.iisd.ca/vol12/enb12578e.html
enb12579e,2013-SB-38,579,2013-06-14,http://www.iisd.ca/download/pdf/enb12579e.pdf,http://www.iisd.ca/vol12/enb12579e.html
enb12580e,2013-SB-38,580,2013-06-14,http://www.iisd.ca/download/pdf/enb12580e.pdf,http://www.iisd.ca/vol12/enb12580e.html
enb12581e,2013-IPCC-36,581,2013-09-26,http://www.iisd.ca/download/pdf/enb12581e.pdf,http://www.iisd.ca/vol12/enb12581e.html
enb12582e,2013-IPCC-37,582,2013-10-17,http://www.iisd.ca/download/pdf/enb12582e.pdf,http://www.iisd.ca/vol12/enb12582e.html
enb12583e,2013-COP-19-CMP9,583,2013-11-11,http://www.iisd.ca/download/pdf/enb12583e.pdf,http://www.iisd.ca/vol12/enb12583e.html
enb12584e,2013-COP-19-CMP9,584,2013-11-12,http://www.iisd.ca/download/pdf/enb12584e.pdf,http://www.iisd.ca/vol12/enb12584e.html
enb12585e,2013-COP-19-CMP9,585,2013-11-13,http://www.iisd.ca/download/pdf/enb12585e.pdf,http://www.iisd.ca/vol12/enb12585e.html
enb12586e,2013-COP-19-CMP9,586,2013-11-14,http://www.iisd.ca/download/pdf/enb12586e.pdf,http://www.iisd.ca/vol12/enb12586e.html
enb12587e,2013-COP-19-CMP9,587,2013-11-15,http://www.iisd.ca/download/pdf/enb12587e.pdf,http://www.iisd.ca/vol12/enb12587e.html
enb12588e,2013-COP-19-CMP9,588,2013-11-16,http://www.iisd.ca/download/pdf/enb12588e.pdf,http://www.iisd.ca/vol12/enb12588e.html
enb12589e,2013-COP-19-CMP9,589,2013-11-18,http://www.iisd.ca/download/pdf/enb12589e.pdf,http://www.iisd.ca/vol12/enb12589e.html
enb12590e,2013-COP-19-CMP9,590,2013-11-19,http://www.iisd.ca/download/pdf/enb12590e.pdf,http://www.iisd.ca/vol12/enb12590e.html
enb12591e,2013-COP-19-CMP9,591,2013-11-20,http://www.iisd.ca/download/pdf/enb12591e.pdf,http://www.iisd.ca/vol12/enb12591e.html
enb12592e,2013-COP-19-CMP9,592,2013-11-21,http://www.iisd.ca/download/pdf/enb12592e.pdf,http://www.iisd.ca/vol12/enb12592e.html
enb12593e,2013-COP-19-CMP9,593,2013-11-22,http://www.iisd.ca/download/pdf/enb12593e.pdf,http://www.iisd.ca/vol12/enb12593e.html
enb12594e,2013-COP-19-CMP9,594,2013-11-23,http://www.iisd.ca/download/pdf/enb12594e.pdf,http://www.iisd.ca/vol12/enb12594e.html
enb12595e,2014-ADP-2-4,595,2014-03-14,http://www.iisd.ca/download/pdf/enb12595e.pdf,http://www.iisd.ca/vol12/enb12595e.html
enb12596e,2014-IPCC-38,596,2014-03-14,http://www.iisd.ca/download/pdf/enb12596e.pdf,http://www.iisd.ca/vol12/enb12596e.html
enb12597e,2014-IPCC-39,597,2014-04-12,http://www.iisd.ca/download/pdf/enb12597e.pdf,http://www.iisd.ca/vol12/enb12597e.html
enb12598e,2014-SB-40,598,2014-06-15,http://www.iisd.ca/download/pdf/enb12598e.pdf,http://www.iisd.ca/vol12/enb12598e.html
enb12599e,2014-ADP-2-6,599,2014-10-20,http://www.iisd.ca/download/pdf/enb12599e.pdf,http://www.iisd.ca/vol12/enb12599e.html
enb12600e,2014-ADP-2-6,600,2014-10-21,http://www.iisd.ca/download/pdf/enb12600e.pdf,http://www.iisd.ca/vol12/enb12600e.html
enb12601e,2014-ADP-2-6,601,2014-10-22,http://www.iisd.ca/download/pdf/enb12601e.pdf,http://www.iisd.ca/vol12/enb12601e.html
enb12602e,2014-ADP-2-6,602,2014-10-23,http://www.iisd.ca/download/pdf/enb12602e.pdf,http://www.iisd.ca/vol12/enb12602e.html
enb125603e,2014-ADP-2-6,603,2014-10-24,http://www.iisd.ca/download/pdf/enb12603e.pdf,http://www.iisd.ca/vol12/enb125603e.html
enb12604e,2014-ADP-2-6,604,2014-10-25,http://www.iisd.ca/download/pdf/enb12604e.pdf,http://www.iisd.ca/vol12/enb12604e.html
enb12605e,2014-ADP-2-6,605,2014-10-25,http://www.iisd.ca/download/pdf/enb12605e.pdf,http://www.iisd.ca/vol12/enb12605e.html
enb12606e,2014-IPCC-40,606,2014-10-27,http://www.iisd.ca/download/pdf/enb12606e.pdf,http://www.iisd.ca/vol12/enb12606e.html
enb12607e,2014-IPCC-40,607,2014-10-31,http://www.iisd.ca/download/pdf/enb12607e.pdf,http://www.iisd.ca/vol12/enb12607e.html
enb12608e,2014-COP-20-CMP10,608,2014-12-01,http://www.iisd.ca/download/pdf/enb12608e.pdf,http://www.iisd.ca/vol12/enb12608e.html
enb12609e,2014-COP-20-CMP10,609,2014-12-02,http://www.iisd.ca/download/pdf/enb12609e.pdf,http://www.iisd.ca/vol12/enb12609e.html
enb12610e,2014-COP-20-CMP10,610,2014-12-03,http://www.iisd.ca/download/pdf/enb12610e.pdf,http://www.iisd.ca/vol12/enb12610e.html
enb12611e,2014-COP-20-CMP10,611,2014-12-04,http://www.iisd.ca/download/pdf/enb12611e.pdf,http://www.iisd.ca/vol12/enb12611e.html
enb12612e,2014-COP-20-CMP10,612,2014-12-05,http://www.iisd.ca/download/pdf/enb12612e.pdf,http://www.iisd.ca/vol12/enb12612e.html
enb12613e,2014-COP-20-CMP10,613,2014-12-06,http://www.iisd.ca/download/pdf/enb12613e.pdf,http://www.iisd.ca/vol12/enb12613e.html
enb12614e,2014-COP-20-CMP10,614,2014-12-08,http://www.iisd.ca/download/pdf/enb12614e.pdf,http://www.iisd.ca/vol12/enb12614e.html
enb12615e,2014-COP-20-CMP10,615,2014-12-09,http://www.iisd.ca/download/pdf/enb12615e.pdf,http://www.iisd.ca/vol12/enb12615e.html
enb12616e,2014-COP-20-CMP10,616,2014-12-10,http://www.iisd.ca/download/pdf/enb12616e.pdf,http://www.iisd.ca/vol12/enb12616e.html
enb12617e,2014-COP-20-CMP10,617,2014-12-11,http://www.iisd.ca/download/pdf/enb12617e.pdf,http://www.iisd.ca/vol12/enb12617e.html
enb12618e,2014-COP-20-CMP10,618,2014-12-12,http://www.iisd.ca/download/pdf/enb12618e.pdf,http://www.iisd.ca/vol12/enb12618e.html
enb12619e,2014-COP-20-CMP10,619,2014-12-14,http://www.iisd.ca/download/pdf/enb12619e.pdf,http://www.iisd.ca/vol12/enb12619e.html
enb12620e,2015-ADP-2-8,620,2015-02-08,http://www.iisd.ca/download/pdf/enb12620e.pdf,http://www.iisd.ca/vol12/enb12620e.html
enb12621e,2015-ADP-2-8,621,2015-02-09,http://www.iisd.ca/download/pdf/enb12621e.pdf,http://www.iisd.ca/vol12/enb12621e.html
enb12622e,2015-ADP-2-8,622,2015-02-10,http://www.iisd.ca/download/pdf/enb12622e.pdf,http://www.iisd.ca/vol12/enb12622e.html
enb12623e,2015-ADP-2-8,623,2015-02-11,http://www.iisd.ca/download/pdf/enb12623e.pdf,http://www.iisd.ca/vol12/enb12623e.html
enb12624e,2015-ADP-2-8,624,2015-02-12,http://www.iisd.ca/download/pdf/enb12624e.pdf,http://www.iisd.ca/vol12/enb12624e.html
enb12625e,2015-ADP-2-8,625,2015-02-13,http://www.iisd.ca/download/pdf/enb12625e.pdf,http://www.iisd.ca/vol12/enb12625e.html
enb12626e,2015-ADP-2-8,626,2015-02-13,http://www.iisd.ca/download/pdf/enb12626e.pdf,http://www.iisd.ca/vol12/enb12626e.html
enb12627e,2015-IPCC-41,627,2015-02-27,http://www.iisd.ca/download/pdf/enb12627e.pdf,http://www.iisd.ca/vol12/enb12627e.html
enb12628e,2015-SB-42,628,2015-06-01,http://www.iisd.ca/download/pdf/enb12628e.pdf,http://www.iisd.ca/vol12/enb12628e.html
enb12629e,2015-SB-42,629,2015-06-02,http://www.iisd.ca/download/pdf/enb12629e.pdf,http://www.iisd.ca/vol12/enb12629e.html
enb12630e,2015-SB-42,630,2015-06-03,http://www.iisd.ca/download/pdf/enb12630e.pdf,http://www.iisd.ca/vol12/enb12630e.html
enb12631e,2015-SB-42,631,2015-06-04,http://www.iisd.ca/download/pdf/enb12631e.pdf,http://www.iisd.ca/vol12/enb12631e.html
enb12632e,2015-SB-42,632,2015-06-05,http://www.iisd.ca/download/pdf/enb12632e.pdf,http://www.iisd.ca/vol12/enb12632e.html
enb12633e,2015-SB-42,633,2015-06-06,http://www.iisd.ca/download/pdf/enb12633e.pdf,http://www.iisd.ca/vol12/enb12633e.html
enb12634e,2015-SB-42,634,2015-06-08,http://www.iisd.ca/download/pdf/enb12634e.pdf,http://www.iisd.ca/vol12/enb12634e.html
enb12635e,2015-SB-42,635,2015-06-09,http://www.iisd.ca/download/pdf/enb12635e.pdf,http://www.iisd.ca/vol12/enb12635e.html
enb12636e,2015-SB-42,636,2015-06-10,http://www.iisd.ca/download/pdf/enb12636e.pdf,http://www.iisd.ca/vol12/enb12636e.html
enb12637e,2015-SB-42,637,2015-06-11,http://www.iisd.ca/download/pdf/enb12637e.pdf,http://www.iisd.ca/vol12/enb12637e.html
enb12638e,2015-SB-42,638,2015-06-11,http://www.iisd.ca/download/pdf/enb12638e.pdf,http://www.iisd.ca/vol12/enb12638e.html
enb12639e,2015-ADP-2-10,639,2015-08-31,http://www.iisd.ca/download/pdf/enb12639e.pdf,http://www.iisd.ca/vol12/enb12639e.html
enb12640e,2015-ADP-2-10,640,2015-09-01,http://www.iisd.ca/download/pdf/enb12640e.pdf,http://www.iisd.ca/vol12/enb12640e.html
enb12641e,2015-ADP-2-10,641,2015-09-02,http://www.iisd.ca/download/pdf/enb12641e.pdf,http://www.iisd.ca/vol12/enb12641e.html
enb12642e,2015-ADP-2-10,642,2015-09-03,http://www.iisd.ca/download/pdf/enb12642e.pdf,http://www.iisd.ca/vol12/enb12642e.html
enb12643e,2015-ADP-2-10,643,2015-09-04,http://www.iisd.ca/download/pdf/enb12643e.pdf,http://www.iisd.ca/vol12/enb12643e.html
enb12644e,2015-ADP-2-10,644,2015-09-04,http://www.iisd.ca/download/pdf/enb12644e.pdf,http://www.iisd.ca/vol12/enb12644e.html
enb12645e,2015-IPCC-42,645,2015-10-08,http://www.iisd.ca/download/pdf/enb12645e.pdf,http://www.iisd.ca/vol12/enb12645e.html
enb12646e,2015-ADP-2-11,646,2015-10-19,http://www.iisd.ca/download/pdf/enb12646e.pdf,http://www.iisd.ca/vol12/enb12646e.html
enb12647e,2015-ADP-2-11,647,2015-10-20,http://www.iisd.ca/download/pdf/enb12647e.pdf,http://www.iisd.ca/vol12/enb12647e.html
enb12648e,2015-ADP-2-11,648,2015-10-21,http://www.iisd.ca/download/pdf/enb12648e.pdf,http://www.iisd.ca/vol12/enb12648e.html
enb12649e,2015-ADP-2-11,649,2015-10-22,http://www.iisd.ca/download/pdf/enb12649e.pdf,http://www.iisd.ca/vol12/enb12649e.html
enb12650e,2015-ADP-2-11,650,2015-10-23,http://www.iisd.ca/download/pdf/enb12650e.pdf,http://www.iisd.ca/vol12/enb12650e.html
enb12651e,2015-ADP-2-11,651,2015-10-23,http://www.iisd.ca/download/pdf/enb12651e.pdf,http://www.iisd.ca/vol12/enb12651e.html
